make	probed_nameplate	vehicles	rows	outcome	outcome_live	suggest	raw_samples
Toyota	Yaris Ativ	53642	1	toyota/yaris-ativ	LIVE	toyota/yaris-ativ	YARIS ATIV
Toyota	Yaris Cross	34709	1	toyota/yaris-cross	LIVE	toyota/yaris-cross	YARIS CROSS
Honda	City	29097	2	honda/city	LIVE	honda/city	CITY | CITY HATCHBACK
Isuzu	D-Max	26832	1	isuzu/d-max	LIVE	isuzu/d-max	D-MAX
Toyota	Hilux Revo	24761	1	toyota/hilux	LIVE	toyota/hilux	HILUX REVO
Honda	HR-V	22051	1	honda/hr-v	LIVE	honda/hr-v	HR-V
Toyota	Corolla Cross	14458	1	toyota/corolla-cross	LIVE	toyota/corolla-cross	COROLLA CROSS
Toyota	Fortuner	14321	1	toyota/fortuner	LIVE	toyota/fortuner	FORTUNER
BYD	Dolphin	12377	2	byd/dolphin	LIVE	byd/dolphin	BYD DOLPHIN (435KM-STD) | BYD DOLPHIN (490KM-EXT)
Isuzu	Mu-X	12145	1	isuzu/mu-x	LIVE	isuzu/mu-x	MU-X
Honda	Civic	11140	1	honda/civic	LIVE	honda/civic	CIVIC
MG	MG4	10759	1	mg/mg4	LIVE	mg/mg4	MG4 ELECTRIC
Ford	Ranger	9019	2	ford/ranger	LIVE	ford/ranger	FORD RANGER | RANGER
Toyota	Commuter	8041	1	toyota/commuter	LIVE	toyota/commuter	COMMUTER
BYD	ATTO3	7913	3	byd/atto-3	LIVE		BYD ATTO3 (410KM-DYNAMIC) | BYD ATTO3 (410KM-PREMIUM) | BYD ATTO3 (480KM-EXT)
Ford	Everest	7908	2	ford/everest	LIVE	ford/everest	EVEREST | FORD EVEREST
BYD	Sealion 6	7843	3	byd/sealion-6	LIVE	byd/sealion-6	BYD SEALION 6 | BYD SEALION 6 DM-i DYNAMIC | BYD SEALION 6 DM-i PREMIUM
Toyota	Camry	7330	2	toyota/camry	LIVE	toyota/camry	Camry | CAMRY
Honda	Cr-V	6369	1	honda/cr-v	LIVE	honda/cr-v	CR-V
Ora	Good Cat	5946	1	ora/good-cat	LIVE	ora/good-cat	GOOD CAT
Toyota	Yaris	5636	1	toyota/yaris	LIVE	toyota/yaris	YARIS
Jaecoo	5 EV Long Range Max	5514	1	jaecoo/jaecoo-5	LIVE		5 EV Long Range Max
Great Wall	Tank 300	4591	1	great-wall/tank-300	LIVE	great-wall/tank-300	GWM TANK 300
BYD	Sealion 7	4485	1	byd/sealion-7	LIVE	byd/sealion-7	BYD SEALION 7 AWD
Mitsubishi	Triton	4324	1	mitsubishi/triton	LIVE	mitsubishi/triton	TRITON
Toyota	Corolla	4290	1	toyota/corolla	LIVE	toyota/corolla	COROLLA
Mitsubishi	Xpander Cross HEV	4230	1	mitsubishi/xpander-cross	LIVE	mitsubishi/xpander-cross	XPANDER CROSS HEV
Deepal	S07	4214	1	deepal/s07	LIVE	deepal/s07	S07
Mitsubishi	Xforce HEV	4103	1	mitsubishi/xforce	LIVE	mitsubishi/xforce	XFORCE HEV
Aion	V 602 Luxury	4086	1	aion/v-602-luxury	LIVE	aion/v-602-luxury	AION V 602 LUXURY
Toyota	Veloz	3947	1	toyota/veloz	LIVE	toyota/veloz	VELOZ
Mazda	2	3932	1	mazda/mazda2	LIVE		MAZDA 2
BYD	Sealion 7 Rwd	3887	1	byd/sealion-7	LIVE	byd/sealion-7	BYD SEALION 7 RWD
Tesla	Model Y	3460	4	tesla/model-y	LIVE	tesla/model-y	Model Y Rear-Wheel Drive | MODEL Y LONG RANGE | MODEL Y PERFORMANCE | MODEL Y RWD
Changan	Lumin L Dc	3048	1	changan/lumin-l-dc	LIVE	changan/lumin-l-dc	LUMIN L DC
MG	S5 EV	3001	1	mg/mgs5-ev	LIVE		S5 EV
Aion	Y Plus	2989	1	aion/y-plus	LIVE	aion/y-plus	AION Y PLUS
Nissan	Almera	2905	1	nissan/almera	LIVE	nissan/almera	ALMERA
Mitsubishi	Mirage	2843	1	mitsubishi/mirage	LIVE	mitsubishi/mirage	MIRAGE
BMW	3 Series	2811	15	bmw/3-series	LIVE	bmw/3-series	320d | 320d GT Luxury | 320d GT M Sport | 320d GT Sport
Aion	Ut 420 Standard	2782	1	aion/ut-420-standard	LIVE	aion/ut-420-standard	AION UT 420 STANDARD
Denza	D9 Fwd	2703	1	denza/d9-fwd	LIVE	denza/d9-fwd	DENZA D9 FWD
Toyota	Alphard	2636	16	toyota/alphard	LIVE	toyota/alphard	ALPHARD | ALPHARD HYBRID 2.5 S TYPE GOLD | ALPHARD HYBRID EXECUTIVE | ALPHARD HYBRID GF 2.5L
Mitsubishi	Attrage	2571	1	mitsubishi/attrage	LIVE	mitsubishi/attrage	ATTRAGE
Deepal	S05 Max	2400	1	deepal/s05-max	LIVE	deepal/s05-max	S05 MAX
Neta	V-II	2384	1	neta/v-ii	LIVE	neta/v-ii	NETA V-II
Toyota	Hiace Majesty	2325	1	toyota/hiace-majesty	LIVE	toyota/hiace-majesty	HIACE MAJESTY
Ford	Ranger Raptor	2122	1	ford/ranger	LIVE	ford/ranger	RANGER RAPTOR
MG	Ep	2067	1	mg/ep	LIVE	mg/ep	EP
Jaecoo	6 EV Long Range	2054	1	jaecoo/jaecoo-6	LIVE		6 EV Long Range 4WD
Zeekr	009	1904	1	zeekr/009	LIVE	zeekr/009	ZEEKR 009
Nissan	Kicks	1877	1	nissan/kicks	LIVE	nissan/kicks	KICKS
Nissan	Serena	1857	3	nissan/serena	LIVE	nissan/serena	SERENA | SERENA e-POWER | SERENA HYBRID 2.0 HIGHWAY STAR
BYD	M6 Extended	1852	1	byd/m6	LIVE	byd/m6	BYD M6 EXTENDED
Mitsubishi	Pajero Sport	1846	1	mitsubishi/pajero-sport	LIVE	mitsubishi/pajero-sport	PAJERO SPORT
Aion	Hyptec Ht 620 Premium	1839	1	aion/hyptec-ht-620-premium	LIVE	aion/hyptec-ht-620-premium	HYPTEC HT 620 PREMIUM
MG	MG5	1834	1	mg/mg5	LIVE	mg/mg5	MG5
BMW	X1	1768	9	bmw/x1	LIVE	bmw/x1	X1 sDrive18d xLine | X1 sDrive18i | X1 sDrive20d M Sport | X1 sDrive20d xLine
Honda	Accord	1758	2	honda/accord	LIVE	honda/accord	ACCORD | ACCORD HYBRID
Mercedes-Benz	C-Class	1654	11	mercedes-benz/c-class	LIVE	mercedes-benz/c-class	AMG C 43 4MATIC | AMG C43 4MATIC Coupe | C 180 COUPE | C 200 Coupe
Geely	EX5	1607	1	geely/ex5	LIVE	geely/ex5	EX5
MG	MG3	1563	1	mg/mg3	LIVE	mg/mg3	MG3
BMW	5 Series	1521	8	bmw/5-series	LIVE	bmw/5-series	520d M Sport | 520d M Sport Pro | 520d Sport | 530e Elite
Omoda	C5 EV Long Range Max	1495	1	omoda/omoda-5	LIVE		C5 EV Long Range Max
Tesla	Model 3	1489	7	tesla/model-3	LIVE	tesla/model-3	Model 3 Long Range RWD | Model 3 Performance | Model 3 Rear-Wheel Drive | MODEL 3 LONG RANGE
Mitsubishi	Xpander HEV	1474	1	mitsubishi/xpander	LIVE	mitsubishi/xpander	XPANDER HEV
Toyota	Innova	1463	1	toyota/innova	LIVE	toyota/innova	INNOVA
Mercedes-Benz	E-Class	1429	9	mercedes-benz/e-class	LIVE	mercedes-benz/e-class	AMG E 53 4MATIC+ | E 200 Cabriolet | E 200 Coupe | E 220 d
Mercedes-Benz	GLC	1288	10	mercedes-benz/glc	LIVE	mercedes-benz/glc	AMG GLC 43 4MATIC Coupe | GLC 220 d | GLC 220 d 4MATIC | GLC 220 d 4MATIC Coupe
Mazda	CX-3	1268	2	mazda/cx-3	LIVE	mazda/cx-3	CX-3 | MAZDA CX-3
MG	IM6	1258	1	mg/im6	LIVE	mg/im6	IM6
Mazda	CX-30	1156	1	mazda/cx-30	LIVE	mazda/cx-30	MAZDA CX-30
Toyota	Vellfire	1138	6	toyota/vellfire	LIVE	toyota/vellfire	VELLFIRE | VELLFIRE HYBRID EXECUTIVE | VELLFIRE HYBRID V L EDITION | VELLFIRE HYBRID Z 2.5L
Nissan	Navara	1093	1	nissan/navara	LIVE	nissan/navara	NAVARA
Hyundai	Staria	1089	1	hyundai/staria	LIVE	hyundai/staria	STARIA
Mitsubishi	Xpander	1058	1	mitsubishi/xpander	LIVE	mitsubishi/xpander	XPANDER
Kia	Carnival	1027	1	kia/carnival	LIVE	kia/carnival	CARNIVAL
Haval	Jolion	1013	1	haval/jolion	LIVE	haval/jolion	JOLION HYBRID
Omoda	C5 EV Long Range Ultimate	976	1	omoda/c5-ev-long-range-ultimate	no		C5 EV Long Range Ultimate
XPeng	X9 Long Range	973	3	xpeng/x9-long-range	no	xpeng/x9	X9 LONG RANGE | X9 LONG RANGE(EXECUTIVE) | X9 LONG RANGE(LUXURY)
Porsche	Cayenne	972	8	porsche/cayenne	LIVE	porsche/cayenne	CAYENNE | CAYENNE COUPE | CAYENNE E-HYBRID | CAYENNE E-HYBRID COUPE
Aion	Ut 500 Premium	947	1	aion/ut-500-premium	no	aion/ut	AION UT 500 PREMIUM
Suzuki	Swift Glx 1.2L Cvt	893	1	suzuki/swift-glx-1-2l-cvt	no	suzuki/swift	SWIFT GLX 1.2L CVT
Mercedes-Benz	CLS	884	5	mercedes-benz/cls	LIVE	mercedes-benz/cls	AMG CLS 53 4MATIC | CLS 220 d | CLS 250 CDI BE COUPE | CLS 300 d
BYD	Seal Exd Rwd	837	1	byd/seal	LIVE	byd/seal	BYD SEAL EXD RWD
Neta	X	835	1	neta/x	LIVE	neta/x	NETA X
Ora	07	827	1	ora/07	no		ORA 07
Volvo	EX30	800	1	volvo/ex30	LIVE	volvo/ex30	EX30
Suzuki	Swift GL Next 1.2L Cvt	785	1	suzuki/swift-gl-next-1-2l-cvt	no	suzuki/swift	SWIFT GL NEXT 1.2L CVT
Suzuki	Celerio Gx 1.0L Cvt	775	1	suzuki/celerio-gx-1-0l-cvt	no	suzuki/celerio	CELERIO GX 1.0L CVT
BMW	2 Series	744	5	bmw/2-series	LIVE	bmw/2-series	220 Gran Coupe M Sport Pr | 220i Gran Coupe M Sport | 220i Gran Coupe Sport | 220I COUPE RHD
Toyota	Hilux Travo	732	1	toyota/hilux-travo	no	toyota/hilux	HILUX TRAVO
Toyota	Alphard Z 2WD	728	1	toyota/alphard-z-2wd	no	toyota/alphard	ALPHARD Z 2WD
BMW	X3	711	8	bmw/x3	LIVE	bmw/x3	X3 20d xDrive M Sport Pro | X3 20d xDrive RHD | X3 M RHD | X3 M50 xDrive
Mazda	CX-5	708	1	mazda/cx-5	LIVE	mazda/cx-5	MAZDA CX-5
Haval	H6	704	2	haval/h6	LIVE	haval/h6	H6 HYBRID | H6 PLUG-IN HYBRID
Kia	EV5	690	1	kia/ev5	LIVE	kia/ev5	EV5
MG	HS	674	2	mg/hs	LIVE	mg/hs	HS | HS PHEV
Mercedes-Benz	GLA	666	3	mercedes-benz/gla	LIVE	mercedes-benz/gla	AMG GLA 35 4MATIC | GLA 200 | GLA 250
MG	ZS	657	1	mg/zs	LIVE	mg/zs	ZS
Avatr	11 Long Range	656	1	avatr/11-long-range	no		AVATR 11 LONG RANGE
BYD	Seal 5	650	1	byd/seal-5	LIVE	byd/seal-5	BYD SEAL 5 DM-i PREMIUM
Aion	Es	648	1	aion/es	no		AION ES
XPeng	G6 Standard Range	637	1	xpeng/g6-standard-range	LIVE	xpeng/g6-standard-range	G6 STANDARD RANGE
MG	Vs HEV	606	1	mg/vs-hev	no		VS HEV
Deepal	S05 Reev Max	602	1	deepal/s05-reev-max	no	deepal/s05	S05 REEV MAX
Toyota	Hiace	599	1	toyota/hiace	LIVE	toyota/hiace	HIACE
XPeng	G6 Long Range	584	1	xpeng/g6-long-range	LIVE	xpeng/g6-long-range	G6 LONG RANGE
Jaecoo	6 EV Long Range 2WD Pro	577	1	jaecoo/6-ev-long-range-2wd-pro	no		6 EV Long Range 2WD PRO
Mini	Aceman	566	2	mini/aceman	LIVE	mini/aceman	Aceman SE RHD | JCW Aceman E
Suzuki	Swift GL 1.2L Cvt	538	1	suzuki/swift-gl-1-2l-cvt	no	suzuki/swift	SWIFT GL 1.2L CVT
Mini	Cooper	536	8	mini/cooper	LIVE	mini/cooper	Cooper Hatch RHD | Cooper S Hatch RHD | Cooper SE Hatch RHD | Cooper SE RHD
Suzuki	Ertiga Gx 1.5L	518	1	suzuki/ertiga-gx-1-5l	no		ERTIGA GX 1.5L
Hyundai	Stargazer	493	1	hyundai/stargazer	LIVE	hyundai/stargazer	STARGAZER
Nissan	Terra	493	1	nissan/terra	LIVE	nissan/terra	TERRA
MG	Extender	473	1	mg/extender	no		MG EXTENDER
Honda	Wr-V	468	1	honda/wr-v	LIVE	honda/wr-v	WR-V
Volvo	EX40	467	1	volvo/ex40	LIVE	volvo/ex40	EX40
BYD	Seal Exd	464	1	byd/seal	LIVE	byd/seal	BYD SEAL EXD AWD
BMW	X5	459	3	bmw/x5	LIVE	bmw/x5	X5 xDrive30d M Sport | X5 xDrive45e M Sport | X5 xDrive50e RHD
Mercedes-Benz	CLE	455	3	mercedes-benz/cle	LIVE	mercedes-benz/cle	AMG CLE 53 4MATIC coupe | CLE 300 4MATIC coupe | MERCEDES-AMG CLE 53
BMW	iX3	443	1	bmw/ix3	LIVE	bmw/ix3	iX3 M Sport RHD
MG	ZS EV	442	1	mg/zs-ev	LIVE	mg/zs-ev	ZS EV
Gwm Tank	300	439	1	gwm-tank/300	no		300 HYBRID
BYD	M6 Dynamic	423	1	byd/m6	LIVE	byd/m6	BYD M6 DYNAMIC
Zeekr	X	420	1	zeekr/x	LIVE	zeekr/x	ZEEKR X
Deepal	L07	410	1	deepal/l07	LIVE	deepal/l07	L07
Denza	D9	391	1	denza/d9	LIVE	denza/d9	DENZA D9 AWD
Mercedes-Benz	A-Class	384	1	mercedes-benz/a-class	LIVE	mercedes-benz/a-class	A 200
Mini	Countryman	377	6	mini/countryman	LIVE	mini/countryman	Cooper S Countryman | Cooper S Countryman RHD | Countryman S ALL4 | Countryman SE ALL4 RHD
Wuling	Binguo Srdth	372	1	wuling/binguo-srdth	no		Binguo SRDTH
Jaecoo	6 EV Long Range 2WD	371	1	jaecoo/6-ev-long-range-2wd	no		6 EV Long Range 2WD
Volvo	EC40	363	1	volvo/ec40	LIVE	volvo/ec40	EC40
Riddara	RD6 Pro 2WD	358	1	riddara/rd6-pro-2wd	no		RD6 PRO 2WD
BMW	X4	353	3	bmw/x4	LIVE	bmw/x4	X4 M RHD | X4 xDrive20d M Sport | X4 xDrive20d RHD
Jaecoo	7 Shs Max	352	1	jaecoo/7-shs-max	no		7 SHS Max
Mercedes-Benz	EQE	344	3	mercedes-benz/eqe	LIVE	mercedes-benz/eqe	AMG EQE 53 4MATIC+ | EQE 300 | EQE 350 4MATIC SUV
Zeekr	7X	344	1	zeekr/7x	LIVE	zeekr/7x	ZEEKR 7X
BYD	Seal Std Rwd	342	1	byd/seal	LIVE	byd/seal	BYD SEAL STD RWD
Mazda	3	335	1	mazda/mazda3	LIVE		MAZDA 3
Mercedes-Benz	GLE	332	6	mercedes-benz/gle	LIVE	mercedes-benz/gle	AMG GLE 53 4MATIC+ | AMG GLE 53 HYBRID 4MATIC+ | GLE 300 d 4MATIC | GLE 350 de 4MATIC
Chery	V23 2WD Plus	321	1	chery/v23-2wd-plus	no	chery/v23	V23 2WD PLUS
Deepal	S07 L	319	1	deepal/s07-l	no	deepal/s07	S07 L
Lexus	LM350H	317	1	lexus/lm	LIVE		LM350H
Haval	H6 HEV Ultra	304	1	haval/h6-hev-ultra	no	haval/h6	H6 HEV ULTRA
Suzuki	Celerio GL 1.0L Cvt	296	1	suzuki/celerio-gl-1-0l-cvt	no	suzuki/celerio	CELERIO GL 1.0L CVT
Chery	V23	291	1	chery/v23	LIVE	chery/v23	V23 4WD PEAK
Great Wall	Tank 500	280	1	great-wall/tank-500	LIVE	great-wall/tank-500	GWM TANK 500
XPeng	X9 Standard Range	275	1	xpeng/x9-standard-range	no	xpeng/x9	X9 STANDARD RANGE
MG	Maxus 7	274	1	mg/maxus-7	no		MAXUS 7
Suzuki	XL7 1.5L	271	1	suzuki/xl7-1-5l	no	suzuki/xl7	XL7 1.5L
XPeng	G6 Rwd Long Range	263	1	xpeng/g6-rwd-long-range	no	xpeng/g6	G6 RWD Long Range
MG	Maxus 9	252	1	mg/maxus-9	no		MAXUS 9
Subaru	Forester 2.0I-S Es	248	1	subaru/forester-2-0i-s-es	no	subaru/forester	FORESTER 2.0i-S ES
Aion	Hyptec Ht 620 Luxury	247	1	aion/hyptec-ht-620-luxury	no		HYPTEC HT 620 LUXURY
BMW	i5	241	3	bmw/i5	LIVE	bmw/i5	i5 eDrive40 RHD | i5 eDrive40 Touring RHD | i5 M60 xDrive RHD
Honda	E:N1	238	1	honda/e-n1	LIVE	honda/e-n1	e:N1
Wuling	Binguo Srd	237	1	wuling/binguo-srd	no		Binguo SRD
BMW	iX	222	3	bmw/ix	LIVE	bmw/ix	iX xDrive40 RHD | iX xDrive50 | iX xDrive50 RHD
Volvo	XC60	221	1	volvo/xc60	LIVE	volvo/xc60	XC60
Hyundai	Santa FE	216	1	hyundai/santa-fe	LIVE	hyundai/santa-fe	SANTA FE
BMW	4 Series	210	7	bmw/4-series	LIVE	bmw/4-series	420D COUPE RHD | 420i Coupe RHD | 430D CONVERTIBLE Mild-hybrid | 430i Cabrio RHD
Porsche	911	205	35	porsche/911	LIVE	porsche/911	911 CARRERA | 911 CARRERA 4 GTS | 911 CARRERA 4 GTS CABRIOLET | 911 CARRERA 4S
Changan	Lumin	204	1	changan/lumin	no		LUMIN
Hyundai	Palisade	202	1	hyundai/palisade	LIVE	hyundai/palisade	PALISADE
Audi	A5	200	12	audi/a5	LIVE	audi/a5	A5 Avant e-hybrid q Tech Pro | A5 CP 40 TFSI S line | A5 CP 40 TFSI S line eo | A5 CP 45 TFSI q S line BE
Porsche	Panamera	198	7	porsche/panamera	LIVE	porsche/panamera	PANAMERA 4 E-HYBRID | PANAMERA 4 E-HYBRID EXEC. | PANAMERA 4 E-HYBRID EXECUTIVE | PANAMERA 4 E-HYBRID P.E.
Porsche	Macan	194	10	porsche/macan	LIVE	porsche/macan	MACAN | MACAN 2.0 | MACAN 2.0 PDK | MACAN 4
Mazda	CX-8	193	1	mazda/cx-8	LIVE	mazda/cx-8	MAZDA CX-8
Subaru	Xv 2.0I-P Es	189	1	subaru/xv-2-0i-p-es	no	subaru/xv	XV 2.0i-P ES
Hyundai	H-1	181	1	hyundai/h-1	LIVE	hyundai/h-1	H-1
Deepal	S05 Plus	177	1	deepal/s05-plus	no	deepal/s05	S05 PLUS
Hyundai	Creta	171	1	hyundai/creta	LIVE	hyundai/creta	CRETA
MG	Cyberster	166	1	mg/cyberster	LIVE	mg/cyberster	CYBERSTER
BMW	X6	163	1	bmw/x6	LIVE	bmw/x6	X6 xDrive40i M Sport
Porsche	Taycan	163	12	porsche/taycan	LIVE	porsche/taycan	TAYCAN | TAYCAN 4 | TAYCAN 4 CROSS TURISMO | TAYCAN 4S
Mercedes-Benz	EQS	163	5	mercedes-benz/eqs	LIVE	mercedes-benz/eqs	EQS 450 4MATIC SUV | EQS 450 PLUS | EQS 450+ | EQS 500 4MATIC
Volvo	XC90	163	1	volvo/xc90	LIVE	volvo/xc90	XC90
Honda	Step Wgn E-HEV Spada Premium	159	1	honda/step-wgn-e-hev-spada-premium	no		STEP WGN e-HEV SPADA PREMIUM
Volvo	XC40	158	1	volvo/xc40	LIVE	volvo/xc40	XC40
Suzuki	Celerio Ga 1.0L MT	158	1	suzuki/celerio-ga-1-0l-mt	no	suzuki/celerio	CELERIO GA 1.0L MT
Aion	Y Plus 490 Premium	154	1	aion/y-plus-490-premium	no	aion/y-plus	AION Y PLUS 490 PREMIUM
BMW	7 Series	153	5	bmw/7-series	LIVE	bmw/7-series	730Ld M Sport | 740d M Sport | 745Le xDrive M Sport | 750e xDrive M Sport
BMW	X7	151	3	bmw/x7	LIVE	bmw/x7	X7 M60i xDrive | X7 xDrive30d M Sport | X7 xDrive40d M Sport
Volvo	V60	147	1	volvo/v60	LIVE	volvo/v60	V60
Toyota	Alphard Z 2.5L	147	1	toyota/alphard-z-2-5l	no	toyota/alphard	ALPHARD Z 2.5L
Audi	TT	145	6	audi/tt	LIVE	audi/tt	TT Coupe 45 TFSI q S line | TT Coupe Final Icon Black | TT RD 45 TFSI q S line | TT RD Final Icon Black
Volvo	C40	141	1	volvo/c40	LIVE	volvo/c40	C40
Chery	V23 2WD Play	136	1	chery/v23-2wd-play	no	chery/v23	V23 2WD PLAY
Mercedes-Benz	S-Class	135	5	mercedes-benz/s-class	LIVE	mercedes-benz/s-class	S 350 d | S 350D LWB SALOON | S 560 e | S 580 e
Deepal	E07 Plus	134	1	deepal/e07-plus	no		E07 PLUS
Toyota	Voxy	133	3	toyota/voxy	LIVE	toyota/voxy	VOXY HYBRID S-G | VOXY HYBRID S-Z | VOXY HYBRID SZ 1.8L
Lexus	LM500H	127	2	lexus/lm	LIVE		LM500H | LM500H AWD
Hyundai	Ioniq 5	126	2	hyundai/ioniq-5	LIVE	hyundai/ioniq-5	IONIQ5 | IONIQ5 N
Riddara	Horizon Pro	126	2	riddara/horizon-pro	no		HORIZON PRO 4WD | HORIZON PRO 4WD SUNROOF
Kia	Sorento	123	1	kia/sorento	LIVE	kia/sorento	SORENTO
BMW	i4	122	3	bmw/i4	LIVE	bmw/i4	i4 eDrive35 Gran Coupe RH | i4 eDrive40 Gran Coupe RH | i4 M50 Gran Coupe RHD
Mercedes-Benz	G-Class	121	13	mercedes-benz/g-class	LIVE	mercedes-benz/g-class	AMG G 63 | AMG G400D | G 350 d | G 450 d
Toyota	Vellfire Z Premier	116	3	toyota/vellfire-z-premier	no	toyota/vellfire	VELLFIRE Z PREMIER | VELLFIRE Z PREMIER HYBRID | VELLFIRE Z PREMIER HYBRID 2.5L
Omoda	C5 EV Long Range Plus	115	1	omoda/c5-ev-long-range-plus	no		C5 EV Long Range Plus
Gwm Tank	500	115	1	gwm-tank/500	no		500 HYBRID
GAC	M8	111	1	gac/m8	LIVE	gac/m8	M8 PHEV PREMIUM
Jaecoo	5 EV Long Range Dynamic	105	1	jaecoo/5-ev-long-range-dynamic	no		5 EV Long Range Dynamic
BMW	i7	103	2	bmw/i7	LIVE	bmw/i7	i7 M70 xDrive RHD | i7 xDrive60 Limousine RHD
Deepal	E07 Performance	102	1	deepal/e07-performance	no		E07 PERFORMANCE AWD
Audi	Q3	98	3	audi/q3	LIVE	audi/q3	Q3 35 TFSI S line | Q3 40 TFSI q S line BE | Q3 SB 40 TFSI q S line BE
Audi	Q8	98	7	audi/q8	LIVE	audi/q8	Q8 55 TFSI q S line | Q8 60 TFSI e q S line BE | Q8 e-tron 50 q | Q8 etron 55 q BE
Suzuki	Fronx 1.5L	98	1	suzuki/fronx-1-5l	no	suzuki/fronx	FRONX 1.5L
Leapmotor	C10 EV	96	1	leapmotor/c10-ev	no	leapmotor/c10	C10 EV
Riddara	Horizon	95	1	riddara/horizon	no		HORIZON 4WD
Wuling	Air EV Lr	95	1	wuling/air-ev-lr	no		Air EV LR
Toyota	Hilux Champ	94	1	toyota/hilux-champ	no	toyota/hilux	HILUX CHAMP
Toyota	Alphard 2.5	94	7	DROPPED	no	toyota/alphard	ALPHARD 2.5 HYBRID EXECUTIVE | ALPHARD 2.5 HYBRID G F PACKAGE | ALPHARD 2.5 HYBRID SR C | ALPHARD 2.5 HYBRID SRC PACKAGE
Lexus	NX350H	94	1	lexus/nx	LIVE		NX350H
Porsche	718	92	13	porsche/718	LIVE	porsche/718	718 BOXSTER | 718 BOXSTER GTS 4.0 | 718 BOXSTER STYLE EDITION | 718 BOXSTER T
Toyota	Alphard 2.5 Sc Package	91	1	DROPPED	no	toyota/alphard	ALPHARD 2.5 SC PACKAGE
Subaru	Forester 2.0I-L Es	90	1	subaru/forester-2-0i-l-es	no	subaru/forester	FORESTER 2.0i-L ES
Riddara	RD6 2WD	90	1	riddara/rd6-2wd	no		RD6 2WD
Audi	Q5	89	4	audi/q5	LIVE	audi/q5	Q5 35 TDI q | Q5 55 TFSI e q S line | Q5 55 TFSI e q S line BE | Q5 SB 55 TFSIe q S lineBE
Toyota	Alphard Z 2WD 2.5L	88	1	toyota/alphard-z-2wd-2-5l	no	toyota/alphard	ALPHARD Z 2WD 2.5L
Toyota	Alphard 2.5 Z	87	1	DROPPED	no	toyota/alphard	ALPHARD 2.5 Z
Toyota	Alphard Z	86	5	toyota/alphard-z	no	toyota/alphard	ALPHARD Z | ALPHARD Z 4WD | ALPHARD Z HYBRID | ALPHARD Z HYBRID 2.5L
Mazda	Bt-50	84	1	mazda/bt50	LIVE		MAZDA BT-50
BMW	iX1	83	1	bmw/ix1	LIVE	bmw/ix1	iX1 eDrive20L
Volvo	S60	80	2	volvo/s60	LIVE	volvo/s60	S60 | S60 T5
Mini	Jcw E	79	1	mini/jcw-e	LIVE	mini/jcw-e	JCW E
Honda	Br-V	79	1	honda/br-v	no		BR-V
Mercedes-Benz	Maybach	77	5	mercedes-benz/maybach	LIVE	mercedes-benz/maybach	Maybach GLS 600 4MATIC | Maybach S 580 4MATIC | Maybach S 580 e | MAYBACH EQS 680 SUV
Lexus	NX450H	76	1	lexus/nx	LIVE		NX450H+
Suzuki	Ertiga GL 1.5L	76	1	suzuki/ertiga-gl-1-5l	no		ERTIGA GL 1.5L
BMW	6 Series	76	1	bmw/6-series	LIVE	bmw/6-series	630i Gran Turismo RHD
Mercedes-Benz	GLS	76	2	mercedes-benz/gls	LIVE	mercedes-benz/gls	GLS 350 d 4MATIC | GLS 450 d 4MATIC
Suzuki	Jimny Sierra Jc	73	2	suzuki/jimny-sierra-jc	no	suzuki/jimny-sierra	JIMNY SIERRA JC | JIMNY SIERRA JC 4WD
Lexus	RX450H	73	1	lexus/rx	LIVE		RX450H+
BMW	Xm 50E Rhd	72	1	bmw/xm-50e-rhd	no	bmw/xm	XM 50e RHD
Mercedes-Benz	V-Class	70	2	mercedes-benz/v-class	LIVE	mercedes-benz/v-class	V 250 d | V 300 d
Toyota	Alphard Sc Package 2.5L	70	1	toyota/alphard-sc-package-2-5l	no	toyota/alphard	ALPHARD SC PACKAGE 2.5L
Suzuki	Carry 1.5L MT	69	1	suzuki/carry-1-5l-mt	no		CARRY 1.5L MT
Volvo	S90	65	1	volvo/s90	LIVE	volvo/s90	S90
Mini	Convertible	64	4	mini/convertible	LIVE	mini/convertible	Cooper S Cabrio RHD | Cooper S Convertible RHD | JCW Convertible RHD | John Cooper Works cabrio
BMW	Z4	64	2	bmw/z4	LIVE	bmw/z4	Z4 M40i RHD | Z4 sDrive30i RHD
Suzuki	Celerio GL Up 1.0L Cvt	60	1	suzuki/celerio-gl-up-1-0l-cvt	no	suzuki/celerio	CELERIO GL UP 1.0L CVT
Lotus	Eletre S	53	1	lotus/eletre-s	no	lotus/eletre	ELETRE S
Toyota	Alphard Sc Package	53	1	toyota/alphard-sc-package	no	toyota/alphard	ALPHARD SC PACKAGE
Suzuki	Jimny Sierra	52	2	suzuki/jimny-sierra	LIVE	suzuki/jimny-sierra	JIMNY SIERRA | JIMNY SIERRA 4WD
XPeng	G6	51	1	xpeng/g6	LIVE	xpeng/g6	G6 AWD Performance
Land Rover	Defender	50	8	land-rover/defender	LIVE	land-rover/defender	DEFENDER 110 FIRST EDITION | DEFENDER 2.0L T/C AWD AUTO SE | DEFENDER 2.0L T/C PETROL PHEV | DEFENDER 3.0 LITRE T/C MHEV
Suzuki	Jimny 1.5L 4AT	48	1	suzuki/jimny-1-5l-4at	no	suzuki/jimny	JIMNY 1.5L 4AT
Land Rover	Range Rover	47	6	land-rover/range-rover	LIVE	land-rover/range-rover	RANGE ROVER 2.0L T/C PETROL | RANGE ROVER 3.0 LITRE T/C | RANGE ROVER 3.0 LITRE T/C AWD | RANGE ROVER P440E PHEV
MG	Es	47	1	mg/es	no		ES
BMW	iX2	47	1	bmw/ix2	LIVE	bmw/ix2	iX2 xDrive30 RHD
Toyota	Noah	45	3	toyota/noah	LIVE	toyota/noah	NOAH HYBRID S-Z | NOAH HYBRID X | NOAH HYBRID X 2WD
BYD	Atto 3	45	2	byd/atto-3	LIVE	byd/atto-3	BYD ATTO 3 | BYD ATTO 3 (410KM)
BYD	Dolphin Exd	44	1	byd/dolphin	LIVE	byd/dolphin	BYD DOLPHIN EXD
Volkswagen	Caravelle COMFORTLINE2.0L	44	1	volkswagen/caravelle-comfortline2-0l	no	volkswagen/caravelle	CARAVELLE COMFORTLINE2.0L
Toyota	GR86 Rc	44	1	toyota/gr86-rc	no	toyota/gr86	GR86 RC
Lexus	RX350H	43	1	lexus/rx	LIVE		RX350H
Toyota	Vellfire 2.5	40	1	DROPPED	no	toyota/vellfire	VELLFIRE 2.5 HYBRID Z PREMIER
Peugeot	2008 P24 Bg	40	1	peugeot/2008-p24-bg	no	peugeot/2008	2008 P24 BG
BMW	M2	40	3	bmw/m2	LIVE	bmw/m2	M2 Comptetition RHD | M2 Coupe RHD MX | M2 RHD
Mini	Clubman	39	3	mini/clubman	LIVE	mini/clubman	Cooper Clubman RHD | Cooper D Clubman RHD | Cooper S Clubman RHD
Volvo	EX90	39	1	volvo/ex90	LIVE	volvo/ex90	EX90
Avatr	11 Standard Range	38	1	avatr/11-standard-range	no		AVATR 11 STANDARD RANGE
Honda	Step Wgn E-HEV Air	38	1	honda/step-wgn-e-hev-air	no		STEP WGN e-HEV AIR
Neta	V	37	1	neta/v	LIVE	neta/v	NETA V
Toyota	Harrier	36	3	toyota/harrier	LIVE	toyota/harrier	HARRIER HYBRID G | HARRIER HYBRID Z | HARRIER HYBRID Z LEATHER
Toyota	Land Cruiser 70 Ax	35	1	toyota/land-cruiser-70-ax	no	toyota/land-cruiser	LAND CRUISER 70 AX
Omoda	C5 EV Long Range Dynamic	33	1	omoda/c5-ev-long-range-dynamic	no		C5 EV Long Range Dynamic
Honda	Civic Type R	33	1	honda/civic-type-r	LIVE	honda/civic-type-r	CIVIC TYPE R
Toyota	Vios	32	1	toyota/vios	LIVE	toyota/vios	VIOS
Jeep	Wrangler Rubicon 4	32	1	jeep/wrangler-rubicon-4	no	jeep/wrangler	WRANGLER RUBICON 4 DOOR
Lotus	Eletre R	32	1	lotus/eletre-r	no	lotus/eletre	ELETRE R
Deepal	L07 S	31	1	deepal/l07-s	no	deepal/l07	L07 S
Lexus	LBX	31	1	lexus/lbx	LIVE	lexus/lbx	LBX
Viauto	Boma	29	1	viauto/boma	no		BOMA
Kia	EV9 GT Line	29	1	kia/ev9	LIVE	kia/ev9	EV9 GT LINE AWD
Juneyao	Jy Air Plus	29	1	juneyao/jy-air-plus	no		JY AIR Plus
Toyota	Gr Yaris RZ High Performance	28	1	toyota/gr-yaris-rz-high-performance	no	toyota/gr-yaris	GR YARIS RZ HIGH PERFORMANCE
Peugeot	3008 P84 Bg	28	1	peugeot/3008-p84-bg	no	peugeot/3008	3008 P84 BG
Toyota	C-HR	27	1	toyota/c-hr	LIVE	toyota/c-hr	C-HR
Leapmotor	B10 Design Bev	25	1	leapmotor/b10-design-bev	no	leapmotor/b10	B10 Design BEV
Toyota	Land Cruiser 250 ZX First	25	1	toyota/land-cruiser-250-zx-first	no	toyota/land-cruiser	LAND CRUISER 250 ZX FIRST
Lexus	ES300H	25	1	lexus/es	LIVE		ES300H
Maserati	Grecale GT	25	1	maserati/grecale	LIVE	maserati/grecale	GRECALE GT HYBRID
Audi	Q7	25	5	audi/q7	LIVE	audi/q7	Q7 45 TDI q | Q7 45 TDI q S line | Q7 55 TFSI q S line | Q7 60 TFSI e q S line BE
Toyota	Crown Crossover	25	2	toyota/crown-crossover	no	toyota/crown	CROWN CROSSOVER RS ADVANCE | CROWN CROSSOVER RS ADVANCED
Hyundai	Ioniq 6	24	1	hyundai/ioniq-6	LIVE	hyundai/ioniq-6	IONIQ6
Audi	A4	21	3	audi/a4	LIVE	audi/a4	A4 40 TFSI S line IB | A4 AV 45 TFSI q S line BE | A4 AV 45 TFSI q S line IB
Poer	Sahar	21	1	poer/sahar	no		SAHAR HYBRID
Toyota	Land Cruiser 250 ZX	21	1	toyota/land-cruiser-250-zx	no	toyota/land-cruiser	LAND CRUISER 250 ZX
BYD	E6	21	1	byd/e6	LIVE	byd/e6	E6
Lexus	RX500H	20	1	lexus/rx	LIVE		RX500H
Volt	For Four	19	1	volt/for-four	no		VOLT FOR FOUR
Toyota	Tr Transformer	19	3	toyota/tr-transformer	no		TR TRANSFORMER | TR TRANSFORMER II | TR TRANSFORMER MAXI
Lexus	RZ450E	19	1	lexus/rz	LIVE		RZ450E
Peugeot	408 P54 Bg	19	1	peugeot/408-p54-bg	no	peugeot/408	408 P54 BG
Land Rover	Range Rover Sport	19	1	land-rover/range-rover-sport	LIVE	land-rover/range-rover-sport	RANGE ROVER SPORT 3.0 LITRE
Wuling	Air EV Sr	19	1	wuling/air-ev-sr	no		Air EV SR
Haval	H6 HEV Pro	18	1	haval/h6-hev-pro	no	haval/h6	H6 HEV PRO
Honda	Odyssey E-HEV Absolute EX	18	1	honda/odyssey-e-hev-absolute-ex	no	honda/odyssey	ODYSSEY e-HEV ABSOLUTE EX
Toyota	Gr Yaris Rc	18	1	toyota/gr-yaris-rc	no	toyota/gr-yaris	GR YARIS RC
Lexus	IS300H	17	1	lexus/is	LIVE		IS300H
Bentley	Bentayga	17	1	bentley/bentayga	LIVE	bentley/bentayga	BENTAYGA HYBRID
Lexus	UX300H	17	1	lexus/ux	LIVE		UX300H
Nissan	GT-R Pure Edition	16	1	nissan/gt-r-pure-edition	no	nissan/gt-r	GT-R PURE EDITION
Lotus	Emeya S	16	1	lotus/emeya-s	LIVE	lotus/emeya-s	EMEYA S
Toyota	Alphard 2.5L Sc Package	15	1	toyota/alphard-2-5l-sc-package	no	toyota/alphard	ALPHARD 2.5L SC PACKAGE
Toyota	Land Cruiser ZX	15	1	toyota/land-cruiser-zx	no	toyota/land-cruiser	LAND CRUISER ZX
Riddara	RD6 86KWH 2WD	15	1	riddara/rd6-86kwh-2wd	no		RD6 86KWH 2WD
Juneyao	Jy Air Standard	15	1	juneyao/jy-air-standard	no		JY AIR Standard
Kia	Carnival HEV 7P Luxury	15	1	kia/carnival	LIVE	kia/carnival	CARNIVAL HEV 7P LUXURY
Audi	RS5	15	2	audi/rs5	LIVE	audi/rs5	RS 5 Coupe q competition | RS 5 Coupe quattro
Ford	Mustang	15	1	ford/mustang	LIVE	ford/mustang	MUSTANG
Ferrari	296	15	1	ferrari/296	LIVE	ferrari/296	296 GTS
Land Rover	Range Rover Velar	14	2	land-rover/range-rover-velar	LIVE	land-rover/range-rover-velar	RANGE ROVER VELAR 2.0 LITRE | RANGE ROVER VELAR DYNAMIC HSE
BYD	Dolphin Std	14	1	byd/dolphin	LIVE	byd/dolphin	BYD DOLPHIN STD
Suzuki	Jimny Sierra Jc 1.5L	13	1	suzuki/jimny-sierra-jc-1-5l	no	suzuki/jimny-sierra	JIMNY SIERRA JC 1.5L
Ferrari	296 Gtb	13	1	ferrari/296-gtb	LIVE	ferrari/296-gtb	296 GTB
Toyota	Vellfire Z Premier 2.4L	13	1	toyota/vellfire-z-premier-2-4l	no	toyota/vellfire	VELLFIRE Z PREMIER  2.4L
Bentley	Flying Spur	13	2	bentley/flying-spur	LIVE	bentley/flying-spur	FLYING SPUR HYBRID | FLYING SPUR HYBRID S
Toyota	Land Cruiser 300 ZX	13	1	toyota/land-cruiser-300-zx	no	toyota/land-cruiser	LAND CRUISER 300 ZX
Toyota	Gr Yaris	13	1	toyota/gr-yaris	LIVE	toyota/gr-yaris	GR YARIS
Suzuki	Ciaz GL Cvt	13	1	suzuki/ciaz-gl-cvt	no	suzuki/ciaz	CIAZ GL CVT
Toyota	Land Cruiser 300 ZX 3.3L	12	1	toyota/land-cruiser-300-zx-3-3l	no	toyota/land-cruiser	LAND CRUISER 300 ZX 3.3L
Peugeot	408 P54 Dg	12	1	peugeot/408-p54-dg	no	peugeot/408	408 P54 DG
Deepal	Hunter K50	12	1	deepal/hunter-k50	no		HUNTER K50
Mazda	MX-5	12	2	mazda/mx-5	LIVE	mazda/mx-5	MAZDA MX-5 | MX-5
Audi	RS4	11	2	audi/rs4	LIVE	audi/rs4	RS 4 Avant q competition | RS 4 AV q
Mitsubishi	Outlander	11	1	mitsubishi/outlander	LIVE	mitsubishi/outlander	OUTLANDER PHEV
Suzuki	Celerio GL 1.0L	11	1	suzuki/celerio-gl-1-0l	no	suzuki/celerio	CELERIO GL 1.0L
Volkswagen	Caravelle T69 2.0 L	11	1	DROPPED	no	volkswagen/caravelle	CARAVELLE T69 2.0 L
Lamborghini	Urus Performante	11	1	lamborghini/urus-performante	LIVE	lamborghini/urus-performante	URUS PERFORMANTE
Lexus	LM300H	11	1	lexus/lm300h	no		LM300h
Suzuki	Swift GL Plus 1.2L Cvt	11	1	suzuki/swift-gl-plus-1-2l-cvt	no	suzuki/swift	SWIFT GL PLUS 1.2L CVT
Ferrari	Purosangue	11	1	ferrari/purosangue	LIVE	ferrari/purosangue	PUROSANGUE
Toyota	Land Cruiser 300 Gr Sport	11	1	toyota/land-cruiser	LIVE	toyota/land-cruiser	LAND CRUISER 300 GR SPORT
Chevrolet	Corvette Stingray	11	4	chevrolet/corvette	LIVE	chevrolet/corvette	CORVETTE STINGRAY CONVERTIBLE | CORVETTE STINGRAY COUPE | CORVETTE STINGRAY COUPE 2LT | CORVETTE STINGRAY COUPE 3LT
Toyota	GR86 Cup Car Basic	11	1	toyota/gr86-cup-car-basic	no	toyota/gr86	GR86 CUP CAR BASIC
Volkswagen	Id Buzz	10	1	volkswagen/id-buzz	LIVE	volkswagen/id-buzz	ID BUZZ
Toyota	Crown Sport Z	10	1	toyota/crown-sport-z	no	toyota/crown	CROWN SPORT Z
Bentley	Flying Spur Azure	10	1	bentley/flying-spur	LIVE	bentley/flying-spur	FLYING SPUR AZURE HYBRID
Lamborghini	Huracan Tecnica	10	1	lamborghini/huracan-tecnica	no	lamborghini/huracan	HURACAN TECNICA
Peugeot	5008 P87 Bg	9	1	peugeot/5008-p87-bg	no	peugeot/5008	5008 P87 BG
Toyota	Gr Supra RZ	9	1	toyota/gr-supra-rz	no	toyota/gr-supra	GR SUPRA RZ
Toyota	Vellfire Z Premier E-Four	9	1	toyota/vellfire-z-premier-e-four	no	toyota/vellfire	VELLFIRE Z PREMIER E-FOUR
Rolls-Royce	Spectre	9	1	rolls-royce/spectre	LIVE	rolls-royce/spectre	Spectre
Mazda	6	9	1	mazda/mazda6	LIVE		MAZDA 6
Subaru	Forester 2.5I-S	9	1	subaru/forester-2-5i-s	no	subaru/forester	FORESTER 2.5i-S AWD CVT
Honda	Stepwgn E:hev Air	9	1	honda/stepwgn-e-hev-air	no	honda/stepwgn	STEPWGN e:HEV AIR
Honda	Step Wgn Spada Premium Line	8	1	honda/step-wgn-spada-premium-line	no		STEP WGN SPADA PREMIUM LINE
Mazda	Roadster 990S	8	1	mazda/roadster-990s	no	mazda/roadster	ROADSTER 990S
Audi	RSQ3	8	2	audi/rsq3	LIVE	audi/rsq3	RS Q3 SB edition 10 years | RS Q3 Sportback quattro
Xev	Yoyo Plus	8	1	xev/yoyo-plus	no		YOYO PLUS
Honda	Step Wgn Spada	8	2	honda/step-wgn-spada	no		STEP WGN SPADA | STEP WGN SPADA HYBRID PREMIUM
Toyota	GR86 RZ 2WD	8	1	toyota/gr86-rz-2wd	no	toyota/gr86	GR86 RZ 2WD
BMW	M4	8	5	bmw/m4	LIVE	bmw/m4	M4 Competition Coupe RHD | M4 Competition M xDrive C | M4 COMPETITION COUPE | M4 COMPETITION COUPE WITH M
Toyota	Sienta	8	2	toyota/sienta	LIVE	toyota/sienta	SIENTA | SIENTA HYBRID G 2WD
Peugeot	408 P54 Cg	8	1	peugeot/408-p54-cg	no	peugeot/408	408 P54 CG
Suzuki	Jimny Alpha 5	8	1	suzuki/jimny-alpha-5	no	suzuki/jimny	JIMNY ALPHA 5 DOOR
Audi	e-tron GT	7	1	audi/e-tron-gt	LIVE	audi/e-tron-gt	e-tron GT quattro PF
Honda	Stepwagon E:hev Spada Premium	7	1	honda/stepwagon-e-hev-spada-premium	no	honda/stepwagon	STEPWAGON e:HEV SPADA PREMIUM
BMW	M3	7	2	bmw/m3	LIVE	bmw/m3	M3 Competition M xDrive T | M3 COMPETITION M X-DRIVE
BYD	Seal U	7	1	byd/seal-u	LIVE	byd/seal-u	BYD SEAL U (DMI-PREMIUM)
Toyota	GR86 RZ Ridge Green Limited	7	1	toyota/gr86-rz-ridge-green-limited	no	toyota/gr86	GR86 RZ RIDGE GREEN LIMITED
Honda	Jazz	7	2	honda/jazz	LIVE	honda/jazz	JAZZ | JAZZ HYBRID'12
Audi	RS6	7	3	audi/rs6	LIVE	audi/rs6	RS 6 Avant q performance | RS 6 Avant quattro | RS6 AVANT
Audi	S3	7	1	audi/s3	LIVE	audi/s3	S3 Sportback quattro
Lexus	LM350H 2.5L	7	1	lexus/lm350h-2-5l	no		LM350H 2.5L
Nissan	Sylphy 1.6 E Cvt	7	1	DROPPED	no	nissan/sylphy	SYLPHY 1.6 E CVT
Suzuki	Ciaz	7	1	suzuki/ciaz	LIVE	suzuki/ciaz	CIAZ RS CVT
Lamborghini	Urus S	7	1	lamborghini/urus-s	LIVE	lamborghini/urus-s	URUS S
Toyota	Alphard Executive Lounge	7	1	toyota/alphard-executive-lounge	no	toyota/alphard	ALPHARD EXECUTIVE LOUNGE
Audi	A7	6	4	audi/a7	LIVE	audi/a7	A7 SB 55 TFSI q S line | A7 SB 55 TFSIe q Sline | A7 SB 55 TFSIe q Sline BE | A7 SPORTBACK 40 TDI
Ford	Mustang Ecoboost	6	1	ford/mustang	LIVE	ford/mustang	MUSTANG ECOBOOST FASTBACK
Mazda	Roadster S Leather Package	6	1	mazda/roadster-s-leather-package	no	mazda/roadster	ROADSTER S LEATHER PACKAGE
Toyota	GR86 RZ	6	1	toyota/gr86-rz	no	toyota/gr86	GR86 RZ
Lotus	Emeya R	6	1	lotus/emeya-r	no	lotus/emeya	EMEYA R
Isuzu	TFR87GWRH1	6	1	isuzu/tfr87gwrh1	no		TFR87GWRH1 (M)
Toyota	Gr Corolla	6	1	toyota/gr-corolla	LIVE	toyota/gr-corolla	GR COROLLA
Nissan	GT-R Premium Edition T-Spec	6	1	nissan/gt-r-premium-edition-t-spec	no	nissan/gt-r	GT-R PREMIUM EDITION T-SPEC
Toyota	Voxy Sz	6	1	toyota/voxy-sz	no	toyota/voxy	VOXY SZ HYBRID 1.8L
Lamborghini	Huracan Sto	6	1	lamborghini/huracan-sto	LIVE	lamborghini/huracan-sto	HURACAN STO
Nissan	X-Trail	6	1	nissan/x-trail	LIVE	nissan/x-trail	X-TRAIL
Audi	RS3	6	2	audi/rs3	LIVE	audi/rs3	RS 3 Sportback quattro | RS3 SPORTBACK
Subaru	Outback 2.5I-T Eyesight	6	1	subaru/outback-2-5i-t-eyesight	no	subaru/outback	OUTBACK 2.5i-T EyeSight
King Long	Dracon	6	1	king-long/dracon	no		DRACON
Toyota	Land Cruiser Gr Sport	6	1	toyota/land-cruiser-gr-sport	no	toyota/land-cruiser	LAND CRUISER GR SPORT
Bentley	Continental GT V8	5	1	bentley/continental-gt	LIVE	bentley/continental-gt	CONTINENTAL GT V8
Toyota	Land Cruiser 250 ZX 2.8L	5	1	toyota/land-cruiser-250-zx-2-8l	no	toyota/land-cruiser	LAND CRUISER 250 ZX 2.8L
Subaru	Xv 2.0I-P	5	1	subaru/xv-2-0i-p	no	subaru/xv	XV 2.0i-P
Toyota	Land Cruiser Ax	5	1	toyota/land-cruiser-ax	no	toyota/land-cruiser	LAND CRUISER AX
Rolls-Royce	Ghost Extended	5	1	rolls-royce/ghost-extended	LIVE	rolls-royce/ghost-extended	Ghost Extended
Aston Martin	Vantage	5	1	aston-martin/vantage	LIVE	aston-martin/vantage	VANTAGE COUPE
Chevrolet	Colorado	5	1	chevrolet/colorado	LIVE	chevrolet/colorado	COLORADO
Nissan	UVL4RDRE26KWDMER9E	5	1	nissan/uvl4rdre26kwdmer9e	no		UVL4RDRE26KWDMER9E
Rolls-Royce	Ghost	5	1	rolls-royce/ghost	LIVE	rolls-royce/ghost	Ghost
Mazda	Roadster Rf 35TH Anniversary	5	1	mazda/roadster-rf-35th-anniversary	no	mazda/roadster	ROADSTER RF 35TH ANNIVERSARY
Toyota	bZ4X	5	1	toyota/bz4x	LIVE	toyota/bz4x	BZ4X
Mercedes-Benz	CLA	5	3	mercedes-benz/cla	LIVE	mercedes-benz/cla	AMG CLA 35 4MATIC Coupe | CLA200 | CLA250
Toyota	Alphard X	5	1	toyota/alphard-x	no	toyota/alphard	ALPHARD X HYBRID 2.5L
Lamborghini	Huracan Evo Rwd	5	1	lamborghini/huracan-evo-rwd	no	lamborghini/huracan-evo	HURACAN EVO RWD
Audi	RS E-Tron GT	5	1	audi/rs-e-tron-gt	LIVE	audi/rs-e-tron-gt	RS e-tron GT quattro
Mercedes-Benz	SL	5	1	mercedes-benz/sl	LIVE	mercedes-benz/sl	AMG SL 43
Wuling	Bingou Srdth CCS2	4	1	wuling/bingou-srdth-ccs2	no		Bingou SRDTH CCS2
Lamborghini	Urus	4	1	lamborghini/urus	LIVE	lamborghini/urus	URUS
Ford	Mustang Ecoboost 2.3	4	1	DROPPED	no	ford/mustang	MUSTANG ECOBOOST 2.3
Nissan	Fairlady Z	4	1	nissan/fairlady-z	LIVE	nissan/fairlady-z	FAIRLADY Z
Toyota	Crown Crossover G Advanced	4	1	toyota/crown-crossover-g-advanced	no	toyota/crown	CROWN CROSSOVER G ADVANCED
Nissan	Gtr Black Edition	4	1	nissan/gtr-black-edition	no		GTR BLACK EDITION
Toyota	Landcruiser LC300 Gr Sport	4	1	toyota/landcruiser-lc300-gr-sport	no		LANDCRUISER LC300 GR SPORT
Subaru	Brz 2.4 Rwd Eyesight 6AT	4	1	DROPPED	no	subaru/brz	BRZ 2.4 RWD EyeSight 6AT
Lamborghini	Revuelto	4	1	lamborghini/revuelto	LIVE	lamborghini/revuelto	REVUELTO
Audi	A8	4	1	audi/a8	LIVE	audi/a8	A8L 60 TFSIe q Pstg Sline
MG	New MG3	4	1	mg/mg3	LIVE		NEW MG3
Chevrolet	Captiva	4	1	chevrolet/captiva	LIVE	chevrolet/captiva	CAPTIVA
Maserati	Ghibli GT	4	1	maserati/ghibli	LIVE	maserati/ghibli	GHIBLI GT HYBRID
Maserati	Grecale Folgore	4	1	maserati/grecale	LIVE	maserati/grecale	GRECALE FOLGORE
Suzuki	Spacia Gear	4	2	suzuki/spacia-gear	no	suzuki/spacia	SPACIA GEAR HYBRID MY STYLE | SPACIA GEAR HYBRID XZ TURBO
Daihatsu	Move Canbus Stripes G Turbo	4	1	daihatsu/move-canbus-stripes-g-turbo	no	daihatsu/move	MOVE CANBUS STRIPES G TURBO
DFSK	Glory 560	4	1	dfsk/glory-560	no		GLORY 560
Toyota	Land Cruiser 250 Vx	4	1	toyota/land-cruiser-250-vx	no	toyota/land-cruiser	LAND CRUISER 250 VX
DFSK	Glory 580 I-Auto	4	1	dfsk/glory-580-i-auto	no		GLORY 580 I-AUTO
Sokon	EC35	4	1	sokon/ec35	no		EC35
Mini	Jcw Rhd	4	1	mini/jcw-rhd	no	mini/jcw	JCW RHD
Nissan	GT-R	4	1	nissan/gt-r	LIVE	nissan/gt-r	GT-R
Audi	A6	4	2	audi/a6	LIVE	audi/a6	A6 40 TFSI S line | A6 AV 45 TFSI q S line BE
Suzuki	Celerio Gx 1.0L	3	1	suzuki/celerio-gx-1-0l	no	suzuki/celerio	CELERIO GX 1.0L
Nissan	Gtr Pure Edition	3	1	nissan/gtr-pure-edition	no		GTR PURE EDITION
Audi	e-tron	3	2	audi/e-tron	LIVE	audi/e-tron	e-tron 55 q | e-tron SB 55 q S line
Nissan	Leaf	3	1	nissan/leaf	LIVE	nissan/leaf	LEAF
Rolls-Royce	Cullinan	3	2	rolls-royce/cullinan	LIVE	rolls-royce/cullinan	Cullinan | CULLINAN
Riddara	RD6 Econ	3	1	riddara/rd6-econ	no		RD6 ECON
Ford	Focus	3	1	ford/focus	LIVE	ford/focus	Ford Focus
Fomm	One	3	1	fomm/one	no		FOMM ONE
Nissan	X-Trial	3	1	nissan/x-trail	LIVE		X-TRIAL e-POWER
Suzuki	Swift Glx-Navi 1.2L Cvt	3	1	suzuki/swift-glx-navi-1-2l-cvt	no	suzuki/swift	SWIFT GLX-Navi 1.2L CVT
Maserati	Levante GT	3	1	maserati/levante	LIVE	maserati/levante	LEVANTE GT HYBRID
Toyota	Voxy S-Z 2WD	3	1	toyota/voxy-s-z-2wd	no	toyota/voxy	VOXY S-Z 2WD
Ferrari	F8 Tributo	3	1	ferrari/f8-tributo	LIVE	ferrari/f8-tributo	F8 TRIBUTO
BMW	8 Series	3	3	bmw/8-series	LIVE	bmw/8-series	840I M SPORT COUPE | M850i xDrive Cabrio RHD | M850i xDrive RHD
Maserati	Levante Diesel Gransport	3	1	maserati/levante	LIVE	maserati/levante	LEVANTE DIESEL GRANSPORT
Suzuki	Spacia Custom	3	1	suzuki/spacia-custom	no	suzuki/spacia	SPACIA CUSTOM HYBRID XS TURBO
Toyota	Gr Yaris Rc At	3	1	toyota/gr-yaris-rc-at	no	toyota/gr-yaris	GR YARIS RC AT
Toyota	Gr Corolla RZ	3	1	toyota/gr-corolla-rz	no	toyota/gr-corolla	GR COROLLA RZ
Toyota	Crown Z	3	1	toyota/crown-z	no	toyota/crown	CROWN Z
Mercedes-Benz	GLB	3	1	mercedes-benz/glb	LIVE	mercedes-benz/glb	GLB 200
Suzuki	Celerio Ga 1.0L	3	1	suzuki/celerio-ga-1-0l	no	suzuki/celerio	CELERIO GA 1.0L
Mercedes-Benz	AMG GT	3	2	mercedes-benz/amg-gt	LIVE	mercedes-benz/amg-gt	AMG GT 53 4MATIC+ | AMG GT C
Toyota	Crown	3	2	toyota/crown	LIVE	toyota/crown	CROWN HYBRID SPORT Z | CROWN HYBRID Z
Toyota	Land Cruiser 71 Hardtop 4.0L	3	1	toyota/land-cruiser-71-hardtop-4-0l	no	toyota/land-cruiser	LAND CRUISER 71 HARDTOP 4.0L
Kia	Grand Carnival	3	1	kia/carnival	LIVE		GRAND CARNIVAL
Toyota	Crown 2.5L Sport Z	3	1	toyota/crown-2-5l-sport-z	no	toyota/crown	CROWN 2.5L SPORT Z HYBRID
Nissan	UVL4RDRE26KWDMER	3	1	nissan/uvl4rdre26kwdmer	no		UVL4RDRE26KWDMER-E
Audi	RSQ8	3	2	audi/rsq8	LIVE	audi/rsq8	RS Q8 q | RS Q8 quattro performance
Nissan	GT-R Premium Edition	3	1	nissan/gt-r-premium-edition	no	nissan/gt-r	GT-R PREMIUM EDITION
Subaru	Wrx Wagon 2.4 Eyesight	3	1	DROPPED	no	subaru/wrx	WRX Wagon 2.4 EyeSight AWD CVT
Subaru	Brz 2.4 Eyesight Rwd 6AT	3	1	DROPPED	no	subaru/brz	BRZ 2.4 EyeSight RWD 6AT
Subaru	Wrx 4D 2.4 Eyesight	3	2	DROPPED	no	subaru/wrx	WRX 4D 2.4 EyeSight AWD 6MT | WRX 4D 2.4 EyeSight AWD CVT
Suzuki	Jimny XG MT	2	1	suzuki/jimny-xg-mt	no	suzuki/jimny	JIMNY XG MT 4WD
Suzuki	Jimny XC	2	2	suzuki/jimny-xc	no	suzuki/jimny	JIMNY XC | JIMNY XC 4WD
Toyota	Gr Supra Sz-R	2	1	toyota/gr-supra-sz-r	no	toyota/gr-supra	GR SUPRA SZ-R
Toyota	GR86 RZ 10TH Anniversary	2	1	toyota/gr86-rz-10th-anniversary	no	toyota/gr86	GR86 RZ 10th ANNIVERSARY
Toyota	Gr Supra RZ Plasma Orange 100	2	1	toyota/gr-supra-rz-plasma-orange-100	no	toyota/gr-supra	GR SUPRA RZ PLASMA ORANGE 100
Toyota	Gr Supra RZ 3.0	2	1	DROPPED	no	toyota/gr-supra	GR SUPRA RZ 3.0
Toyota	GUN122R-Btflxt	2	1	toyota/gun122r-btflxt	no		GUN122R-BTFLXT
Suzuki	Spacia Gear My Style	2	1	suzuki/spacia-gear-my-style	no	suzuki/spacia	SPACIA GEAR MY STYLE HYBRID
Toyota	Landcruiser LC300 Sahara	2	1	toyota/landcruiser-lc300-sahara	no		LANDCRUISER LC300 SAHARA
Volvo	264GL	2	1	volvo/260	LIVE		264GL
Subaru	Brz 2.4 Eyesight Rwd 6MT	2	1	DROPPED	no	subaru/brz	BRZ 2.4 EyeSight RWD 6MT
Toyota	Yaris Grmn Circuit Package	2	1	toyota/yaris-grmn-circuit-package	no	toyota/yaris	YARIS GRMN CIRCUIT PACKAGE
Suzuki	Ciaz Glx Cvt	2	1	suzuki/ciaz-glx-cvt	no	suzuki/ciaz	CIAZ GLX CVT
Suzuki	Jimny Alpha	2	1	suzuki/jimny-alpha	no	suzuki/jimny	JIMNY ALPHA 4WD
Toyota	Crown Sport Z 2.5L	2	1	toyota/crown-sport-z-2-5l	no	toyota/crown	CROWN SPORT Z 2.5L
Toyota	Land Cruiser Prado Tx L	2	1	toyota/land-cruiser-prado-tx-l	no	toyota/land-cruiser-prado	LAND CRUISER PRADO TX L
Xiaomi	SU7 Max	2	1	xiaomi/su7-max	LIVE	xiaomi/su7-max	SU7 MAX
Subaru	Wrx 4D 2.4	2	1	DROPPED	no	subaru/wrx	WRX 4D 2.4 AWD 6MT
Toyota	KDH223R-Lemdyt B2	2	1	toyota/kdh223r-lemdyt-b2	no		KDH223R-LEMDYT B2
Toyota	KDH223R-Lemdyt A2	2	1	toyota/kdh223r-lemdyt-a2	no		KDH223R-LEMDYT A2
Toyota	KDH222R-Lemdyt A1	2	1	toyota/kdh222r-lemdyt-a1	no		KDH222R-LEMDYT A1
Suzuki	Hustler	2	1	suzuki/hustler	LIVE	suzuki/hustler	HUSTLER HYBRID G
Toyota	Noah X 2WD	2	1	toyota/noah-x-2wd	no	toyota/noah	NOAH X 2WD
Toyota	Land Cruiser Prado 2.7 Tx-L	2	1	DROPPED	no	toyota/land-cruiser-prado	LAND CRUISER PRADO 2.7 TX-L
Toyota	Landcruiser LC300 ZX	2	1	toyota/landcruiser-lc300-zx	no		LANDCRUISER LC300 ZX
Honda	N Van Ten Style Fun	2	1	honda/n-van-ten-style-fun	no	honda/n-van	N VAN TEN STYLE FUN
Ford	Mustang 2.3 Ecoboost Premium	2	1	DROPPED	no	ford/mustang	MUSTANG 2.3 ECOBOOST PREMIUM
Hyundai	Ioniq	2	2	hyundai/ioniq	LIVE	hyundai/ioniq	IONIQ EV | IONIQ HEV
Nissan	Elgrand 250 Highway Star	2	1	nissan/elgrand-250-highway-star	no	nissan/elgrand	ELGRAND 250 HIGHWAY STAR
Ford	Mustang 2.3L Ecoboost Premium	2	1	ford/mustang-2-3l-ecoboost-premium	no	ford/mustang	MUSTANG 2.3L ECOBOOST PREMIUM
Bentley	Bentayga Azure	2	1	bentley/bentayga	LIVE	bentley/bentayga	BENTAYGA AZURE HYBRID
Isuzu	TFR86JCMH3	2	1	isuzu/tfr86jcmh3	no		TFR86JCMH3 (M)
Naza	Forza	2	1	naza/forza	no		FORZA
Maserati	Ghibli Diesel Granlusso	2	1	maserati/ghibli	LIVE	maserati/ghibli	GHIBLI DIESEL GRANLUSSO
Maserati	Ghibli Granlusso	2	1	maserati/ghibli	LIVE	maserati/ghibli	GHIBLI GRANLUSSO
JAC	Evo-T8	2	1	jac/evo-t8	no		EVO-T8
Bentley	Continental GTC V8	2	1	bentley/continental-gtc	LIVE	bentley/continental-gtc	CONTINENTAL GTC V8
Maserati	Ghibli	2	2	maserati/ghibli	LIVE	maserati/ghibli	GHIBLI MILD HYBRID GRANLUSSO | GHIBLI MILD HYBRID GRANSPORT
Bentley	Flying Spur A	2	1	bentley/flying-spur-a	no	bentley/flying-spur	FLYING SPUR A HYBRID
Dongfeng	S73	2	1	dongfeng/s73	no		S73
Mercedes-Benz	EQB	2	2	mercedes-benz/eqb	LIVE	mercedes-benz/eqb	EQB 250 | EQB 250+
Dongfeng	Nammi 06	2	1	dongfeng/nammi-06	no		NAMMI 06
Maserati	Granturismo Modena	2	1	maserati/gran-turismo	LIVE		GRANTURISMO MODENA
BMW	Xm Label Rhd	2	1	bmw/xm-label-rhd	no	bmw/xm	XM Label RHD
BMW	Xm Rhd	2	1	bmw/xm-rhd	no	bmw/xm	XM RHD
Daihatsu	Move Canbus Theory G Turbo	2	1	daihatsu/move-canbus-theory-g-turbo	no	daihatsu/move	MOVE CANBUS THEORY G TURBO
Mazda	Roadster 990S 1.5L	2	1	mazda/roadster-990s-1-5l	no	mazda/roadster	ROADSTER 990S 1.5L
Daihatsu	Move Canbus Theory G	2	1	daihatsu/move-canbus-theory-g	no	daihatsu/move	MOVE CANBUS THEORY G
Jaguar	F-Type 2.0 Litre T/C Petrol	2	1	DROPPED	no	jaguar/f-type	F-TYPE 2.0 LITRE T/C PETROL
Chevrolet	Corvette Z06	2	2	chevrolet/corvette	LIVE	chevrolet/corvette	CORVETTE Z06 | CORVETTE Z06 CONVERTIBLE 3LZ
Maxus	MIFA9	2	1	maxus/mifa9	no		MIFA9
Ford	Mustang Dark Horse	2	1	ford/mustang	LIVE	ford/mustang	MUSTANG DARK HORSE
Jeep	Gladiator Rubicon	2	1	jeep/gladiator-rubicon	no	jeep/gladiator	GLADIATOR RUBICON
Daihatsu	Copen Cero S	2	1	daihatsu/copen-cero-s	no	daihatsu/copen	COPEN CERO S
Daihatsu	Copen Gr Sport	2	1	daihatsu/copen-gr-sport	no	daihatsu/copen	COPEN GR SPORT
Aion	Hyptec Ssr	2	1	aion/hyptec-ssr	no		HYPTEC SSR
Honda	N-Box Custom L Turbo	2	1	honda/n-box-custom-l-turbo	no	honda/n-box	N-BOX CUSTOM L TURBO
Ora	Grand Cat	2	1	ora/grand-cat	no		GRAND CAT
Lexus	GX550	2	1	lexus/gx	LIVE		GX550
Nissan	Teana	2	1	nissan/teana	LIVE	nissan/teana	TEANA
Alpine	A110 S	2	1	alpine/a110-s	no	alpine/a110	A110 S
Land Rover	Range Rover Evoque	2	1	land-rover/range-rover-evoque	LIVE	land-rover/range-rover-evoque	RANGE ROVER EVOQUE 1.5LITRE
Aston Martin	DB12	2	1	aston-martin/db12	LIVE	aston-martin/db12	DB12 COUPE
Nissan	Note	2	1	nissan/note	LIVE	nissan/note	NOTE
Nissan	March	2	1	nissan/march	LIVE	nissan/march	MARCH
Aston Martin	DB12 V8	2	1	aston-martin/db12	LIVE	aston-martin/db12	DB12 V8 COUPE
Lamborghini	Huracan Evo	2	1	lamborghini/huracan-evo	LIVE	lamborghini/huracan-evo	HURACAN EVO
Aston Martin	Dbx 707	2	1	aston-martin/dbx707	LIVE	aston-martin/dbx	DBX 707
Fengchi	DYQ1030BEV1-H	2	1	fengchi/dyq1030bev1-h	no		DYQ1030BEV1-H
Hyundai	Elantra N	2	1	hyundai/elantra	LIVE	hyundai/elantra	ELANTRA N
Audi	R8	2	2	audi/r8	LIVE	audi/r8	R8 SPYDER V10 | R8 V10 COUPE
Nissan	GT-R Nismo	2	1	nissan/gt-r	LIVE	nissan/gt-r	GT-R NISMO
Honda	Step Wgn E-HEV Spada	2	1	honda/step-wgn-e-hev-spada	no		STEP WGN e-HEV SPADA
Honda	Step Wgn Air	2	1	honda/step-wgn-air	no		STEP WGN AIR
Nissan	GT-R Nismo Special Edition	2	1	nissan/gt-r-nismo-special-edition	no	nissan/gt-r	GT-R NISMO SPECIAL EDITION
Lexus	LS500H	2	1	lexus/ls	LIVE		LS500H
Lamborghini	Aventador Ultimae	2	1	lamborghini/aventador-ultimae	LIVE	lamborghini/aventador-ultimae	AVENTADOR ULTIMAE
Ford	Mustang 5.0 GT	1	1	DROPPED	no	ford/mustang	MUSTANG 5.0 GT FASTBACK
Ford	Everest ZFAE9BC	1	1	ford/everest-zfae9bc	no	ford/everest	FORD EVEREST zFAE9BC
Ford	Fiesta	1	1	ford/fiesta	LIVE	ford/fiesta	FORD FIESTA
Toyota	Prius	1	1	toyota/prius	LIVE	toyota/prius	PRIUS
Ford	Mustang 5.0 GT Premium	1	1	DROPPED	no	ford/mustang	MUSTANG 5.0 GT PREMIUM
Toyota	Roomy Custom GT	1	1	toyota/roomy-custom-gt	no	toyota/roomy	ROOMY CUSTOM GT
Ferrari	SF90 Xx Stradale	1	1	ferrari/sf90-xx-stradale	LIVE	ferrari/sf90-xx-stradale	SF90 XX STRADALE
Toyota	Vellfire Z G Edition	1	1	toyota/vellfire-z-g-edition	no	toyota/vellfire	VELLFIRE Z G EDITION
Ford	Mustang 2.3L Ecoboost	1	1	ford/mustang-2-3l-ecoboost	no	ford/mustang	MUSTANG 2.3L ECOBOOST FASTBACK
Toyota	Vellfire 250	1	1	toyota/vellfire-250	no	toyota/vellfire	VELLFIRE 250
Toyota	Vellfire 2.5ZG Edition	1	1	toyota/vellfire-2-5zg-edition	no	toyota/vellfire	VELLFIRE 2.5ZG EDITION
Ferrari	SF90 Spider	1	1	ferrari/sf90-spider	LIVE	ferrari/sf90-spider	SF90 SPIDER
Ford	Ranger IFBT9AH	1	1	ford/ranger-ifbt9ah	no	ford/ranger	FORD RANGER iFBT9AH
Toyota	Land Cruiser 250 Gx	1	1	toyota/land-cruiser-250-gx	no	toyota/land-cruiser	LAND CRUISER 250 GX
Honda	N Box Custom	1	1	honda/n-box-custom	no	honda/n-box	N BOX CUSTOM
Toyota	Land Cruiser 250 Vx 2.8L	1	1	toyota/land-cruiser-250-vx-2-8l	no	toyota/land-cruiser	LAND CRUISER 250 VX 2.8L
Honda	Mobilio	1	1	honda/mobilio	LIVE	honda/mobilio	MOBILIO
Honda	Fit	1	1	honda/fit	LIVE	honda/fit	FIT RS
Honda	E Advance	1	1	honda/e-advance	LIVE	honda/e-advance	E ADVANCE
Honda	Cr-V'14	1	1	honda/cr-v-14	no		CR-V'14
Toyota	Land Cruiser 300 Sahara 3.3L	1	1	toyota/land-cruiser-300-sahara-3-3l	no	toyota/land-cruiser	LAND CRUISER 300 SAHARA 3.3L
Toyota	Land Cruiser 300 Sahara ZX	1	1	toyota/land-cruiser-300-sahara-zx	no	toyota/land-cruiser	LAND CRUISER 300 SAHARA ZX
Honda	Civic Type R Racing Black	1	1	honda/civic-type-r-racing-black	no	honda/civic-type-r	CIVIC TYPE R RACING BLACK
GMC	Yukon Denali	1	1	gmc/yukon-denali	LIVE	gmc/yukon-denali	YUKON DENALI
Toyota	Land Cruiser 300 ZX Diesel	1	1	toyota/land-cruiser-300-zx-diesel	no	toyota/land-cruiser	LAND CRUISER 300 ZX DIESEL
GMC	Hummer EV2X	1	1	gmc/hummer-ev2x	no	gmc/hummer	HUMMER EV2X
Toyota	Land Cruiser 70 Ax 2.8L	1	1	toyota/land-cruiser-70-ax-2-8l	no	toyota/land-cruiser	LAND CRUISER 70 AX 2.8L 4WD
GMC	Hummer EV Edition 1	1	1	gmc/hummer-ev-edition-1	no	gmc/hummer-ev	HUMMER EV EDITION 1
Toyota	Land Cruiser Active 2.8D	1	1	toyota/land-cruiser-active-2-8d	no	toyota/land-cruiser	LAND CRUISER ACTIVE 2.8D
Geely	Galaxy E5	1	1	geely/galaxy-e5	LIVE	geely/galaxy-e5	GALAXY E5
Toyota	Land Cruiser Gr	1	1	toyota/land-cruiser-gr	no	toyota/land-cruiser	LAND CRUISER GR
Foton	E-Tunland	1	1	foton/e-tunland	no		E-TUNLAND
Toyota	Land Cruiser Gx 3.5L	1	1	toyota/land-cruiser-gx-3-5l	no	toyota/land-cruiser	LAND CRUISER GX 3.5L
Ford	Ranger Swb	1	1	ford/ranger-swb	no	ford/ranger	RANGER SWB
Toyota	Land Cruiser Prado Tx	1	1	toyota/land-cruiser-prado-tx	no	toyota/land-cruiser-prado	LAND CRUISER PRADO TX
Ford	Mustang Mach Rwd	1	1	ford/mustang-mach-e	LIVE	ford/mustang	MUSTANG MACH-E RWD
Toyota	Land Cruiser Prado Tz	1	1	toyota/land-cruiser-prado-tz	no	toyota/land-cruiser-prado	LAND CRUISER PRADO TZ-G
Ford	Mustang Mach	1	1	ford/mustang-mach-e	LIVE	ford/mustang	MUSTANG MACH-E AWD
Toyota	Landcruiser LC300 Ax	1	1	toyota/landcruiser-lc300-ax	no		LANDCRUISER LC300 AX
Ford	Mustang Mach 1	1	1	ford/mustang	LIVE	ford/mustang	MUSTANG MACH 1
Toyota	Landcruiser LC300 Gx	1	1	toyota/landcruiser-lc300-gx	no		LANDCRUISER LC300 GX
Ford	Mustang Ecoboost Premium	1	1	ford/mustang	LIVE	ford/mustang	MUSTANG ECOBOOST PREMIUM
Bentley	Continental GT S V8	1	1	bentley/continental-gt	LIVE	bentley/continental-gt	CONTINENTAL GT S V8
Bentley	Continental GT	1	1	bentley/continental-gt	LIVE	bentley/continental-gt	CONTINENTAL GT CONVERTIBLE V8
Bentley	Continental GT Azure V8	1	1	bentley/continental-gt	LIVE	bentley/continental-gt	CONTINENTAL GT AZURE V8
Bentley	Bentayga S	1	1	bentley/bentayga	LIVE	bentley/bentayga	BENTAYGA S HYBRID
Bentley	Bentayga Atelier	1	1	bentley/bentayga-atelier	no	bentley/bentayga	BENTAYGA ATELIER HYBRID
Bentley	Bentayga A V8	1	1	bentley/bentayga-a-v8	no	bentley/bentayga	BENTAYGA A V8
Axion	T5	1	1	axion/t5	no		T5
Audi	RS7	1	1	audi/rs7	LIVE	audi/rs7	RS 7 SB q performance
Zxauto	FP3A	1	1	zxauto/fp3a	no		FP3A
Evt	E-Van	1	1	evt/e-van	no		E-VAN
Farizon	Sv	1	1	farizon/sv	no		SV
Foton	BJ1031EVJA3	1	1	foton/bj1031evja3	no		BJ1031EVJA3
Foton	E-View CS2 Passenger	1	1	foton/e-view-cs2-passenger	no		E-VIEW CS2 PASSENGER
Hino	XZB70R-Zemhy	1	1	hino/xzb70r-zemhy	no		XZB70R-ZEMHY
Audi	A3	1	1	audi/a3	LIVE	audi/a3	A3 SB 35 TFSI S line
Kama	ESP7	1	1	kama/esp7	no		ESP7
Aston Martin	Vantage Roadster	1	1	aston-martin/vantage	LIVE	aston-martin/vantage	VANTAGE ROADSTER
MG	V80	1	1	mg/v80	no		V80
Aston Martin	Rapide S	1	1	aston-martin/rapide	LIVE	aston-martin/rapide	RAPIDE S
Tata	Super Ace Mint	1	1	tata/super-ace-mint	no		SUPER ACE MINT
Tata	Winger FL 3200 Fr 125 Ac	1	1	tata/winger-fl-3200-fr-125-ac	no		WINGER FL 3200 FR 125 AC
Toyota	Comuter	1	1	toyota/comuter	no		COMUTER
Aston Martin	Dbs Superleggera	1	1	aston-martin/dbs	LIVE	aston-martin/dbs	DBS SUPERLEGGERA COUPE
Toyota	KDH222R-Lemdyt A3	1	1	toyota/kdh222r-lemdyt-a3	no		KDH222R-LEMDYT A3
Toyota	KDH222R-Lemdyt B5	1	1	toyota/kdh222r-lemdyt-b5	no		KDH222R-LEMDYT B5
Alfa Romeo	Giulia Veloce	1	1	alfa-romeo/giulia-veloce	no	alfa-romeo/giulia	GIULIA VELOCE
Volkswagen	Caravelle 2.0 L	1	1	DROPPED	no	volkswagen/caravelle	CARAVELLE 2.0 L
Volkswagen	Caravelle Comfortline 2	1	1	volkswagen/caravelle-comfortline-2	no	volkswagen/caravelle	CARAVELLE COMFORTLINE 2
Abarth	500E	1	1	abarth/500e	no		500e
Ferrari	Roma Spider	1	1	ferrari/roma-spider	LIVE	ferrari/roma-spider	ROMA SPIDER
Ferrari	Roma	1	1	ferrari/roma	LIVE	ferrari/roma	ROMA
Ferrari	Portofino M	1	1	ferrari/portofino-m	LIVE	ferrari/portofino-m	PORTOFINO M
Ferrari	812 Superfast	1	1	ferrari/812-superfast	LIVE	ferrari/812-superfast	812 SUPERFAST
Ferrari	812 Competizione A	1	1	ferrari/812-competizione-a	LIVE	ferrari/812-competizione-a	812 COMPETIZIONE A
Ferrari	488 Pista	1	1	ferrari/488-pista	LIVE	ferrari/488-pista	488 PISTA
Ferrari	488 Gtb	1	1	ferrari/488-gtb	LIVE	ferrari/488-gtb	488 GTB
Ferrari	12CILINDRI Spider	1	1	ferrari/12cilindri-spider	LIVE	ferrari/12cilindri-spider	12Cilindri Spider
Ferrari	12CILINDRI	1	1	ferrari/12cilindri	LIVE	ferrari/12cilindri	12Cilindri
Volkswagen	Golf	1	1	volkswagen/golf	LIVE	volkswagen/golf	GOLF ESTATE 8 2.0 TDI
Volkswagen	Id Buzz 1ST Edition	1	1	volkswagen/id-buzz-1st-edition	no	volkswagen/id-buzz	ID BUZZ 1st EDITION
Volkswagen	Id Buzz First Edition	1	1	volkswagen/id-buzz-first-edition	no	volkswagen/id-buzz	ID BUZZ FIRST EDITION
Volkswagen	Id Buzz Style Swb Pro	1	1	volkswagen/id-buzz-style-swb-pro	no	volkswagen/id-buzz	ID BUZZ STYLE SWB PRO
Volkswagen	Tiguan Allspace	1	1	volkswagen/tiguan-allspace	LIVE	volkswagen/tiguan-allspace	TIGUAN ALLSPACE ESTATE 1.5 TSI
Volkswagen	Tiguan Life 2.0	1	1	DROPPED	no	volkswagen/tiguan	TIGUAN LIFE 2.0 TDI
Volkswagen	Touran Match	1	1	volkswagen/touran-match	no	volkswagen/touran	TOURAN MATCH ESTATE 1.5 TSI
Volt	For Two	1	1	volt/for-two	no		VOLT FOR TWO
Volvo	264GLE	1	1	volvo/264gle	no		264GLE
Daihatsu	Atrai	1	1	daihatsu/atrai	LIVE	daihatsu/atrai	ATRAI RS 2WD
Chevrolet	Trailblazer	1	1	chevrolet/trail-blazer	LIVE		TRAILBLAZER
Volvo	S90L	1	1	volvo/s90l	no		S90L
Chevrolet	Camaro	1	1	chevrolet/camaro	LIVE	chevrolet/camaro	CAMARO COUPE
Chery	EQ1	1	1	chery/eq1	LIVE	chery/eq1	EQ1
BYD	T3	1	1	byd/t3	no		T3
BMW	i8	1	1	bmw/i8	LIVE	bmw/i8	I8
BMW	1 Series	1	1	bmw/1-series	LIVE	bmw/1-series	118i M Sport
Bentley	GT Speed	1	1	bentley/gt-speed	no		GT SPEED CONVERTIBLE
Bentley	Flying Spur Mulliner	1	1	bentley/flying-spur	LIVE	bentley/flying-spur	FLYING SPUR MULLINER HYBRID
Xev	Yoyo Pro	1	1	xev/yoyo-pro	LIVE	xev/yoyo-pro	YOYO PRO
Pocco	Mm Yx	1	1	pocco/mm-yx	no		MM YX
Subaru	Wrx Sti S207	1	1	subaru/wrx-sti-s207	no	subaru/wrx	WRX STI S207
Subaru	Wrx Sti S208NBR Challenge	1	1	subaru/wrx-sti-s208nbr-challenge	no	subaru/wrx	WRX STI S208NBR CHALLENGE
Mitsubishi	Lancer Evolution X Final	1	1	mitsubishi/lancer-evolution-x-final	no	mitsubishi/lancer-evolution	LANCER EVOLUTION X FINAL
Mitsubishi	Lancer Evolution	1	1	mitsubishi/lancer-evolution	LIVE	mitsubishi/lancer-evolution	LANCER EVOLUTION VI GSR TOMMI
Mitsubishi	KH4WGYPZRU	1	1	mitsubishi/kh4wgypzru	no		KH4WGYPZRU
Mitsubishi	KB4TGJNXZPRU	1	1	mitsubishi/kb4tgjnxzpru	no		KB4TGJNXZPRU
Mitsubishi	A03AXTMHRU	1	1	mitsubishi/a03axtmhru	no		A03AXTMHRU
MG	ZS1	1	1	mg/zs	LIVE		ZS1
MG	MG6	1	1	mg/mg6	LIVE	mg/mg6	MG6
McLaren	Artura-Coupe	1	1	mclaren/artura-coupe	no		ARTURA-COUPE
McLaren	Artura Spider	1	1	mclaren/artura-spider	LIVE	mclaren/artura-spider	ARTURA SPIDER
McLaren	Artura	1	1	mclaren/artura	LIVE	mclaren/artura	ARTURA COUPE
Suzuki	Ciaz GL MT	1	1	suzuki/ciaz-gl-mt	no	suzuki/ciaz	CIAZ GL MT
Suzuki	Ciaz Glx 1.25L Cvt	1	1	suzuki/ciaz-glx-1-25l-cvt	no	suzuki/ciaz	CIAZ GLX 1.25L CVT
McLaren	750S	1	1	mclaren/750s	LIVE	mclaren/750s	750S COUPE
Mazda	RX-7 Spirit R Type A	1	1	mazda/rx-7-spirit-r-type-a	no	mazda/rx-7	RX-7 SPIRIT R TYPE A
Mazda	Roadster	1	1	mazda/roadster	LIVE	mazda/roadster	ROADSTER
Mazda	MX-5 Roadster S	1	1	mazda/mx-5-roadster-s	no	mazda/mx-5	MX-5 ROADSTER S
Mazda	MX-5 Roadster Brown Top	1	1	mazda/mx-5-roadster-brown-top	no	mazda/mx-5	MX-5 ROADSTER BROWN TOP
Maserati	Levante Gransport	1	1	maserati/levante	LIVE	maserati/levante	LEVANTE GRANSPORT
Maserati	Levante Diesel Granlusso	1	1	maserati/levante	LIVE	maserati/levante	LEVANTE DIESEL GRANLUSSO
Suzuki	Jimny Nomade Fc 5	1	1	suzuki/jimny-nomade-fc-5	no	suzuki/jimny	JIMNY NOMADE FC 5 DOOR
Maserati	Grecale Trofeo	1	1	maserati/grecale	LIVE	maserati/grecale	GRECALE TROFEO
Maserati	Grecale Modena	1	1	maserati/grecale	LIVE	maserati/grecale	GRECALE MODENA HYBRID
Maserati	Granturismo Sport	1	1	maserati/gran-turismo	LIVE		GRANTURISMO SPORT
Suzuki	Jimny Sierra Jl	1	1	suzuki/jimny-sierra-jl	no	suzuki/jimny-sierra	JIMNY SIERRA JL 4WD
Suzuki	Jimny XC MT	1	1	suzuki/jimny-xc-mt	no	suzuki/jimny	JIMNY XC MT 4WD
Maserati	Granturismo Folgore	1	1	maserati/gran-turismo	LIVE		GRANTURISMO FOLGORE
Suzuki	Jimny	1	1	suzuki/jimny	LIVE	suzuki/jimny	JIMNY XL
Lotus	Emira V6 First Edition	1	1	lotus/emira-v6-first-edition	no	lotus/emira	EMIRA V6 FIRST EDITION
Pocco	Dd L2	1	1	pocco/dd-l2	no		DD L2
Peugeot	5008 P87 Ag	1	1	peugeot/5008-p87-ag	no	peugeot/5008	5008 P87 AG
Proton	Exora	1	1	proton/exora	LIVE	proton/exora	EXORA
Nissan	VVLGRVYD40UHGLD-Ht	1	1	nissan/vvlgrvyd40uhgld-ht	no		VVLGRVYD40UHGLD-HT
Nissan	TDWARFZE12EHA	1	1	nissan/tdwarfze12eha	no		TDWARFZE12EHA-----
Nissan	Skyline GT-R Nismo	1	1	nissan/skyline-gt-r-nismo	no	nissan/skyline-gt-r	SKYLINE GT-R NISMO
Nissan	Sakura G	1	1	nissan/sakura-g	no	nissan/sakura	SAKURA G
Rolls-Royce	Black Badge Cullinan	1	1	rolls-royce/black-badge-cullinan	LIVE	rolls-royce/black-badge-cullinan	Black Badge Cullinan
Nissan	GT-R Trackedition Nismo T-Spec	1	1	nissan/gt-r-trackedition-nismo-t-spec	no	nissan/gt-r	GT-R TRACKEDITION NISMO T-SPEC
Rolls-Royce	Ghost Black Badge	1	1	rolls-royce/ghost-black-badge	LIVE	rolls-royce/ghost-black-badge	GHOST BLACK BADGE
Rolls-Royce	Phantom Extended	1	1	rolls-royce/phantom-extended	LIVE	rolls-royce/phantom-extended	Phantom Extended
Rolls-Royce	Phantom	1	1	rolls-royce/phantom	LIVE	rolls-royce/phantom	PHANTOM
Rolls-Royce	Silver Cloud	1	1	rolls-royce/silver-cloud	LIVE	rolls-royce/silver-cloud	SILVER CLOUD
Nissan	GT-R Track Edition T-Spec	1	1	nissan/gt-r-track-edition-t-spec	no	nissan/gt-r	GT-R TRACK EDITION T-SPEC
Rover	Mini	1	1	rover/mini	LIVE	rover/mini	MINI
Ruf	GT	1	1	ruf/gt	no		GT COUPE
Seres	3	1	1	DROPPED	no		SERES 3
SsangYong	Actyon	1	1	ssangyong/actyon	LIVE	ssangyong/actyon	ACTYON SPORTS
Stelato	S9	1	1	stelato/s9	no		S9
Nissan	FDWURVZK13EH5	1	1	nissan/fdwurvzk13eh5	no		FDWURVZK13EH5-----
Subaru	Brz 2.4 Rwd 6MT	1	1	DROPPED	no	subaru/brz	BRZ 2.4 RWD 6MT
Nissan	Fairlady Z Proto	1	1	nissan/fairlady-z-proto	no	nissan/fairlady-z	FAIRLADY Z PROTO
Subaru	Brz Cup Car Basic	1	1	subaru/brz-cup-car-basic	no	subaru/brz	BRZ CUP CAR BASIC
Nissan	Fairlady Z Nismo	1	1	nissan/fairlady-z-nismo	no	nissan/fairlady-z	FAIRLADY Z NISMO
Subaru	Forester 2.0I-S	1	1	subaru/forester-2-0i-s	no	subaru/forester	FORESTER 2.0i-S
Nissan	Fairlady Z Version	1	1	nissan/fairlady-z-version	LIVE	nissan/fairlady-z-version	FAIRLADY Z  VERSION ST
Nissan	BDWARBZN17XHAF	1	1	nissan/bdwarbzn17xhaf	no		BDWARBZN17XHAF---B
Nissan	BDWARBGN17XHB	1	1	nissan/bdwarbgn17xhb	no		BDWARBGN17XHB-----
Nex	Npd	1	1	nex/npd	no		NPD
Subaru	Wrx S4 Sti Sport R EX	1	1	subaru/wrx-s4-sti-sport-r-ex	no	subaru/wrx	WRX S4 STI SPORT R EX AWD
Lotus	Emira I4 First Edition	1	1	lotus/emira-i4-first-edition	no	lotus/emira	EMIRA I4 FIRST EDITION
Toyota	Crown Sport	1	1	toyota/crown-sport	no	toyota/crown	CROWN SPORT RS
Jaguar	F-Pace 5.0L S/C Petrol	1	1	jaguar/f-pace-5-0l-s-c-petrol	no	jaguar/f-pace	F-PACE 5.0L S/C PETROL AWD
JAC	T9EV	1	1	jac/t9ev	no		T9EV
Toyota	Crown Z 2.5L	1	1	toyota/crown-z-2-5l	no	toyota/crown	CROWN Z 2.5L
Toyota	D-Cab 2X4 2.4J Plus	1	1	toyota/d-cab-2x4-2-4j-plus	no		D-Cab 2x4 2.4J Plus
Toyota	D-Cab	1	1	toyota/d-cab	no		D-Cab 4x4 2.8G A/T
JAC	T8EV	1	1	jac/t8ev	no		T8EV
Toyota	Gr 86 RZ	1	1	toyota/gr-86-rz	no		GR 86 RZ
Toyota	Gr 86 RZ 2.4L	1	1	toyota/gr-86-rz-2-4l	no		GR 86 RZ 2.4L
Isuzu	TFS54HPY	1	1	isuzu/tfs54hpy	no		TFS54HPY
Isuzu	TFR86JCRH6	1	1	isuzu/tfr86jcrh6	no		TFR86JCRH6 (P)
Toyota	Gr Supra RZ 6MT	1	1	toyota/gr-supra-rz-6mt	no	toyota/gr-supra	GR SUPRA RZ 6MT
Toyota	Gr Supra RZ Matte White Edit	1	1	toyota/gr-supra-rz-matte-white-edit	no	toyota/gr-supra	GR SUPRA RZ MATTE WHITE EDIT
Isuzu	FXZ77QXDFV	1	1	isuzu/fxz77qxdfv	no		FXZ77QXDFV
Isuzu	CAB4 SL 2.5	1	1	DROPPED	no		CAB4 SL 2.5
Hyundai	Grand Starex	1	1	hyundai/grand-starex	LIVE	hyundai/grand-starex	GRAND STAREX
Hyundai	Genesis G80 EV	1	1	hyundai/genesis-g80-ev	no	hyundai/genesis	GENESIS G80 EV
Toyota	Gr Yaris Rc M/T	1	1	toyota/gr-yaris-rc-m-t	no	toyota/gr-yaris	GR YARIS RC M/T 4WD
Honda	Stepwgn E:hev Spada	1	1	honda/stepwgn-e-hev-spada	no	honda/stepwgn	STEPWGN e:HEV SPADA
Honda	S660 Beta	1	1	honda/s660-beta	LIVE	honda/s660-beta	S660 BETA
Honda	S660 Alpha	1	1	honda/s660-alpha	no	honda/s660	S660 ALPHA
Toyota	GR86 RZ Greddy	1	1	toyota/gr86-rz-greddy	no	toyota/gr86	GR86 RZ GREDDY
Honda	S660	1	1	honda/s660	LIVE	honda/s660	S660
Toyota	GR86 Sz	1	1	toyota/gr86-sz	no	toyota/gr86	GR86 SZ
Honda	Nsx Type S	1	1	honda/nsx-type-s	no	honda/nsx	NSX TYPE S
Toyota	GUN122R-BTFLXT3	1	1	toyota/gun122r-btflxt3	no		GUN122R-BTFLXT3
Toyota	Harrier 2.5	1	1	DROPPED	no	toyota/harrier	HARRIER 2.5 HYBRID Z LEATHER
Honda	Nsx	1	1	honda/nsx	LIVE	honda/nsx	NSX HYBRID
Honda	N-Box Joy Turbo	1	1	honda/n-box-joy-turbo	no	honda/n-box	N-BOX JOY TURBO
Honda	N-Box Custom Turbo	1	1	honda/n-box-custom-turbo	no	honda/n-box	N-BOX CUSTOM TURBO
Lexus	UX250H	1	1	lexus/ux	LIVE		UX250H
Suzuki	Swift GL	1	1	suzuki/swift	LIVE	suzuki/swift	SWIFT GL SPORTS EDITION
Lexus	NX300	1	1	lexus/nx	LIVE		NX300
Lexus	LX600 F Sport	1	1	lexus/lx600-f-sport	no		LX600 F SPORT
Suzuki	Swift Sport	1	1	suzuki/swift-sport	LIVE	suzuki/swift-sport	SWIFT SPORT
Suzuki	Wagon R Smile	1	1	suzuki/wagon-r-smile	no	suzuki/wagon-r	WAGON R SMILE HYBRID X
Lexus	LX 600	1	1	lexus/lx	LIVE	lexus/lx	LX 600
Lexus	LS500	1	1	lexus/ls	LIVE		LS500
Toyota	1.6G	1	1	toyota/1-6g	no		1.6G
Toyota	ACV51R-Jepekt Ac	1	1	toyota/acv51r-jepekt-ac	no		ACV51R-JEPEKT  AC
Toyota	AHV40R-Jexgbt Bl	1	1	toyota/ahv40r-jexgbt-bl	no		AHV40R-JEXGBT  BL
Lexus	LM350H 2.5L 4 Seats	1	1	lexus/lm350h-2-5l-4-seats	no		LM350H 2.5L 4 SEATS
Lexus	LC500 5.0 V8	1	1	DROPPED	no		LC500 5.0 V8
Lexus	LC500	1	1	lexus/lc	LIVE		LC500
Leapmotor	T03 400	1	1	leapmotor/t03-400	no	leapmotor/t03	T03 400
Leapmotor	T03 300	1	1	leapmotor/t03-300	no	leapmotor/t03	T03 300
Leapmotor	B10 Life Bev	1	1	leapmotor/b10-life-bev	no	leapmotor/b10	B10 Life BEV
Lamborghini	Urus Performante V8	1	1	lamborghini/urus-performante-v8	no	lamborghini/urus-performante	URUS PERFORMANTE V8
Lamborghini	Huracan Sterrato	1	1	lamborghini/huracan-sterrato	LIVE	lamborghini/huracan-sterrato	HURACAN STERRATO
Lamborghini	Huracan Evo Spyder	1	1	lamborghini/huracan-evo-spyder	LIVE	lamborghini/huracan-evo-spyder	HURACAN EVO SPYDER
Lamborghini	Aventador Svj 63	1	1	lamborghini/aventador-svj-63	no	lamborghini/aventador-svj	AVENTADOR SVJ 63 COUPE
Kia	EV9 Earth Long Range	1	1	kia/ev9	LIVE	kia/ev9	EV9 EARTH LONG RANGE
Kia	Carnival HEV 7P Premium	1	1	kia/carnival	LIVE	kia/carnival	CARNIVAL HEV 7P PREMIUM
Toyota	Century 5.0L	1	1	toyota/century-5-0l	no	toyota/century	CENTURY 5.0L
Jiayuan	JY7252-Zqr	1	1	jiayuan/jy7252-zqr	no		JY7252-ZQR
Jiayuan	JY7222-Zqr	1	1	jiayuan/jy7222-zqr	no		JY7222-ZQR
Jeep	Wrangler Rubicon 2	1	1	jeep/wrangler-rubicon-2	no	jeep/wrangler	WRANGLER RUBICON 2 DOOR
Jeep	Wrangler Rubicon	1	1	jeep/wrangler	LIVE	jeep/wrangler	WRANGLER RUBICON
Jeep	Wrangler 4	1	1	jeep/wrangler	LIVE	jeep/wrangler	WRANGLER 4 DOOR 2.0 RUBICON
Jeep	Renegade Summit	1	1	jeep/renegade-summit	no	jeep/renegade	RENEGADE SUMMIT E-HYBRID MHEV
