yamaha/rn01	294	nl:294	YAMAHA | RN01 (VARIANTE I)
yamaha/rj09	289	nl:289	YAMAHA | RJ09  (R6)
yamaha/2lt	192	nl:192	YAMAHA | 2 LT (V-MAX)
yamaha/yp400ra-sp	184	nl:184	YAMAHA | YP400RA SP (X-MAX IRON MAX 400)
yamaha/yp400ra-sp	184	nl:184	YAMAHA | YP400RA SP(X-MAX IRON MAX 400)
yamaha/yp400ra-sp	184	nl:184	YAMAHA | YP400RA SP (X-MAX TECH MAX 400)
yamaha/gpd150-a	184	nl:184	YAMAHA | GPD150-A (NMAX155)
yamaha/4tv	174	nl:174	YAMAHA | 4 TV (YZF 600)
yamaha/am03	44	nl:44	YAMAHA | AM03 (JMF660F)
yamaha/4nk	36	nl:36	YAMAHA | 4 NK (ROYAL STAR)
yamaha/3gd	27	nl:27	YAMAHA | 3 GD(YFM350XW)
yamaha/yp125ra-sp	23	nl:23	YAMAHA | YP125RA SP (X-MAX IRON MAX 125)
yamaha/aj11	22	nl:22	YAMAHA | AJ11 (YZF450 S)
yamaha/yzfr-6	21	nl:21	YAMAHA | YZFR6 (RJ03)
yamaha/vm01	20	nl:20	YAMAHA | VM01  (XVS650C)
yamaha/xv700	14	nl:14	YAMAHA | XV 700 (VIRAGO)
yamaha/fs1-dx	13	nl:13	YAMAHA | FS1-DX (MOKICK)
yamaha/3vd	10	nl:10	YAMAHA | (3VD)
yamaha/4sv	8	nl:8	YAMAHA | 4SV (YZF1000)
yamaha/4sv	8	nl:8	YAMAHA | 4SV (YZF 1000)
yamaha/rj032	8	nl:8	YAMAHA | RJ032 (YZF-R6)
yamaha/2j4	7	nl:7	YAMAHA | 2J4 (SR500)
yamaha/4br	6	nl:6	YAMAHA | 4 BR (XJ 600 S)
yamaha/ag02	4	nl:4	YAMAHA | AG02 (YFS200A)
yamaha/ag02	4	nl:4	YAMAHA | AG02(YFS200A)
yamaha/gpd-125-a	4	nl:4	YAMAHA | GPD-125-A (NMAX)
yamaha/xvs650-classic	2	nl:2	YAMAHA | (VM02) XVS 650 CLASSIC
yamaha/ys125-5c	2	nl:2	YAMAHA | YS125-5C (YS125)
yamaha/aj02w	2	nl:2	YAMAHA | AJ02W (JFM600FW)
yamaha/c-v50	1	nz:1	YAMAHA | C V 50 (JOG)
yamaha/3sk	1	nl:1	YAMAHA | 3SK (FJ1200)
yamaha/1gr	1	nl:1	YAMAHA | 1GR(1VM)
yamaha/xs-650	1	nl:1	YAMAHA | XS-650 (C)
yamaha/xsr900-abarth	1	nl:1	YAMAHA | XSR 900 ABARTH (MTM 850)
yamaha/xtz690d-ub	1	nl:1	YAMAHA | XTZ690D-UB (TENERE 700 RALLY 35 KW)
yamaha/tp400ra-sp	1	nl:1	YAMAHA | TP400RA SP (X-MAX TECH MAX 400)
yamaha/xv-s650a	1	nl:1	YAMAHA | (XV S 650 A)